id,yr,DayOfYear,NDVI,SummaryQA
1,2002,3,-1367,3
2,2002,14,-304,3
3,2002,1,374,2
4,2002,15,635,3
5,2002,9,685,2
1,2002,21,-416,3
2,2002,18,,3
3,2002,26,-138,2
4,2002,27,563,2
5,2002,27,697,2
1,2002,43,-355,3
2,2002,40,-504,3
3,2002,43,-197,2
4,2002,43,350,2
5,2002,34,722,2
1,2002,53,-556,3
2,2002,60,-523,2
3,2002,64,-867,2
4,2002,61,375,2
5,2002,64,767,2
1,2002,75,-131,3
2,2002,78,-579,2
3,2002,71,-510,2
4,2002,75,634,2
5,2002,71,1060,2
1,2002,96,-416,2
2,2002,96,-637,2
3,2002,95,-371,2
4,2002,95,480,2
5,2002,95,3641,1
1,2002,101,-540,2
2,2002,102,-791,2
3,2002,101,358,2
4,2002,101,408,2
5,2002,108,5083,1
1,2002,122,-576,3
2,2002,120,-673,3
3,2002,126,4750,0
4,2002,126,3311,3
5,2002,126,5070,0
1,2002,129,-419,2
2,2002,129,-920,2
3,2002,133,5029,0
4,2002,144,5457,0
5,2002,144,5001,0
1,2002,153,4251,3
2,2002,147,308,3
3,2002,146,4802,1
4,2002,159,6397,0
5,2002,149,5219,1
1,2002,170,5523,0
2,2002,170,5192,1
3,2002,172,4133,1
4,2002,174,6104,0
5,2002,174,6157,0
1,2002,177,6268,0
2,2002,177,6221,1
3,2002,177,5221,0
4,2002,177,6443,0
5,2002,188,6714,0
1,2002,202,7152,0
2,2002,202,6948,0
3,2002,202,6188,0
4,2002,200,7082,0
5,2002,206,6928,0
1,2002,209,7106,0
2,2002,209,6956,0
3,2002,209,5723,0
4,2002,209,7145,0
5,2002,222,7247,0
1,2002,234,7404,0
2,2002,234,7299,0
3,2002,234,5543,0
4,2002,227,7273,1
5,2002,231,7049,1
1,2002,243,7691,0
2,2002,243,7518,0
3,2002,252,6418,0
4,2002,245,7247,0
5,2002,245,7015,0
1,2002,269,7090,1
2,2002,261,7362,0
3,2002,269,6263,1
4,2002,269,7059,1
5,2002,269,7002,1
1,2002,280,6613,0
2,2002,286,6628,0
3,2002,284,6062,0
4,2002,286,6504,0
5,2002,284,6495,0
1,2002,299,5517,1
2,2002,297,6352,1
3,2002,289,5725,0
4,2002,299,5990,1
5,2002,299,5950,1
1,2002,316,987,2
2,2002,316,114,3
3,2002,320,4887,0
4,2002,305,1034,3
5,2002,308,1232,2
1,2002,327,-45,3
2,2002,321,-56,3
3,2002,333,861,2
4,2002,323,1414,3
5,2002,324,2198,2
1,2002,347,-326,3
2,2002,344,-409,3
3,2002,341,-77,2
4,2002,338,111,3
5,2002,346,901,2
1,2002,354,-8,3
2,2002,362,,2
3,2002,3,-51,2
4,2002,354,1267,2
5,2002,363,677,2
1,2003,7,-200,3
2,2003,5,-497,3
3,2003,3,-51,2
4,2003,3,246,2
5,2003,3,548,2
1,2003,19,-485,3
2,2003,30,-247,3
3,2003,19,-294,3
4,2003,21,323,2
5,2003,19,763,2
1,2003,33,-711,3
2,2003,48,,3
3,2003,47,-177,2
4,2003,48,565,2
5,2003,48,770,2
1,2003,53,-58,3
2,2003,60,-442,3
3,2003,49,-237,2
4,2003,53,596,2
5,2003,49,589,2
1,2003,79,-368,2
2,2003,,,
3,2003,74,-150,2
4,2003,75,354,2
5,2003,67,538,2
1,2003,95,-335,2
2,2003,84,-670,2
3,2003,95,-427,2
4,2003,83,-71,2
5,2003,88,262,2
1,2003,101,-269,2
2,2003,100,-339,2
3,2003,101,122,2
4,2003,101,659,2
5,2003,100,1261,2
1,2003,124,459,2
2,2003,126,-279,2
3,2003,125,5160,0
4,2003,126,5748,1
5,2003,125,5495,0
1,2003,143,2826,3
2,2003,139,747,3
3,2003,143,4614,0
4,2003,143,5803,0
5,2003,136,5390,1
1,2003,159,5400,0
2,2003,160,5793,1
3,2003,159,5281,0
4,2003,159,5927,0
5,2003,159,6074,0
1,2003,175,6156,0
2,2003,175,6240,0
3,2003,175,5008,0
4,2003,175,6372,0
5,2003,175,6070,0
1,2003,191,6842,0
2,2003,191,6713,0
3,2003,191,5389,0
4,2003,180,6978,0
5,2003,189,6443,0
1,2003,207,7476,1
2,2003,207,7079,1
3,2003,195,5906,1
4,2003,194,7071,0
5,2003,195,6853,1
1,2003,224,7490,1
2,2003,224,7512,1
3,2003,213,6379,1
4,2003,214,6775,0
5,2003,214,7006,0
1,2003,232,7052,0
2,2003,232,7314,0
3,2003,225,5578,0
4,2003,225,6713,0
5,2003,225,6818,0
1,2003,256,7383,1
2,2003,241,7107,0
3,2003,250,6428,0
4,2003,250,6778,0
5,2003,244,6413,0
1,2003,262,6708,0
2,2003,262,6890,0
3,2003,262,5222,0
4,2003,262,6921,0
5,2003,264,6709,0
1,2003,285,6647,0
2,2003,285,6707,0
3,2003,283,6002,0
4,2003,283,6922,0
5,2003,282,6980,0
1,2003,294,5231,3
2,2003,294,1998,3
3,2003,293,4767,1
4,2003,298,6511,1
5,2003,290,6800,1
1,2003,311,4893,1
2,2003,310,6231,1
3,2003,309,4601,1
4,2003,309,5018,1
5,2003,314,5797,0
1,2003,328,5902,0
2,2003,328,6192,0
3,2003,330,4968,0
4,2003,330,6444,1
5,2003,328,7110,1
1,2003,339,-13,3
2,2003,349,-114,3
3,2003,340,218,2
4,2003,340,1524,2
5,2003,340,1273,2
1,2003,363,1178,2
2,2003,363,232,2
3,2003,364,-81,2
4,2003,364,1017,2
5,2003,8,803,2
1,2004,11,-314,3
2,2004,2,83,3
3,2004,11,-32,2
4,2004,13,1383,2
5,2004,8,803,2
1,2004,32,-310,3
2,2004,28,-469,3
3,2004,27,-185,2
4,2004,18,-61,3
5,2004,22,530,3
1,2004,34,-274,3
2,2004,34,,3
3,2004,43,-184,2
4,2004,34,269,3
5,2004,35,335,2
1,2004,61,-285,2
2,2004,55,-222,3
3,2004,62,-295,2
4,2004,62,24,3
5,2004,62,267,2
1,2004,71,-366,2
2,2004,66,-197,3
3,2004,68,-203,2
4,2004,71,158,2
5,2004,70,454,2
1,2004,89,-462,2
2,2004,89,-574,2
3,2004,84,-558,2
4,2004,89,-55,2
5,2004,84,-235,2
1,2004,112,-354,2
2,2004,103,-964,2
3,2004,112,-684,2
4,2004,112,85,2
5,2004,103,-55,2
1,2004,121,-409,2
2,2004,123,-583,2
3,2004,127,3395,1
4,2004,122,1132,2
5,2004,123,4375,1
1,2004,130,873,2
2,2004,130,15,2
3,2004,143,4271,0
4,2004,134,4837,1
5,2004,130,5284,0
1,2004,158,4544,1
2,2004,145,1462,3
3,2004,146,4212,0
4,2004,146,5447,0
5,2004,159,5587,0
1,2004,169,4099,0
2,2004,171,5825,1
3,2004,171,4829,0
4,2004,171,5844,0
5,2004,169,5784,0
1,2004,190,6610,0
2,2004,182,6183,0
3,2004,187,5537,0
4,2004,190,7051,0
5,2004,187,4610,1
1,2004,194,6883,1
2,2004,197,6711,0
3,2004,194,6139,1
4,2004,195,7205,1
5,2004,208,7399,0
1,2004,215,7503,0
2,2004,215,7463,0
3,2004,224,6850,0
4,2004,224,7276,0
5,2004,218,7375,1
1,2004,240,7775,0
2,2004,231,7795,0
3,2004,240,6302,0
4,2004,240,7287,0
5,2004,240,7510,0
1,2004,253,6376,3
2,2004,253,7108,0
3,2004,249,6855,1
4,2004,249,7042,1
5,2004,249,7839,1
1,2004,268,7203,0
2,2004,268,7373,0
3,2004,258,6663,0
4,2004,268,7339,1
5,2004,269,6973,0
1,2004,276,6651,0
2,2004,276,6945,0
3,2004,276,5760,0
4,2004,276,6866,0
5,2004,276,6682,0
1,2004,297,6468,0
2,2004,297,6659,0
3,2004,299,5673,0
4,2004,299,6502,0
5,2004,299,6557,0
1,2004,307,6466,1
2,2004,307,6510,1
3,2004,305,4472,3
4,2004,316,5707,3
5,2004,305,5795,1
1,2004,326,48,2
2,2004,333,2102,2
3,2004,336,4782,0
4,2004,336,5642,0
5,2004,333,6311,0
1,2004,338,452,3
2,2004,338,29,3
3,2004,349,-555,2
4,2004,339,2747,3
5,2004,339,6261,1
1,2004,361,-214,3
2,2004,4,-252,3
3,2004,353,288,2
4,2004,2,1046,2
5,2004,8,1014,2
1,2005,7,-130,3
2,2005,4,-252,3
3,2005,4,82,2
4,2005,12,1743,2
5,2005,8,1014,2
1,2005,32,-177,3
2,2005,22,-371,3
3,2005,19,-343,2
4,2005,28,226,3
5,2005,20,1004,2
1,2005,38,-463,2
2,2005,38,-396,2
3,2005,38,-460,2
4,2005,37,791,2
5,2005,33,656,2
1,2005,61,-604,2
2,2005,53,-381,3
3,2005,64,-218,2
4,2005,51,822,2
5,2005,50,393,2
1,2005,71,-305,2
2,2005,71,,2
3,2005,71,-504,2
4,2005,71,278,2
5,2005,71,653,2
1,2005,86,-323,2
2,2005,86,-430,2
3,2005,92,-298,2
4,2005,83,462,2
5,2005,93,-264,2
1,2005,106,-113,2
2,2005,112,-550,2
3,2005,107,-950,2
4,2005,106,99,2
5,2005,106,555,2
1,2005,123,521,2
2,2005,113,-451,2
3,2005,127,3680,1
4,2005,118,179,3
5,2005,127,5456,0
1,2005,143,4597,1
2,2005,143,4414,3
3,2005,143,4973,0
4,2005,143,5747,0
5,2005,144,4770,3
1,2005,146,4628,0
2,2005,153,5410,1
3,2005,157,4996,0
4,2005,157,5993,0
5,2005,150,6012,0
1,2005,171,6222,0
2,2005,171,6263,0
3,2005,171,5086,0
4,2005,171,6456,0
5,2005,175,6583,0
1,2005,178,6855,0
2,2005,178,6342,0
3,2005,189,5463,0
4,2005,189,6702,0
5,2005,189,6842,0
1,2005,203,7254,0
2,2005,203,7255,0
3,2005,203,6569,0
4,2005,203,7487,0
5,2005,203,7346,0
1,2005,219,7239,0
2,2005,219,7170,0
3,2005,219,6712,0
4,2005,219,7580,0
5,2005,221,7165,0
1,2005,228,7376,0
2,2005,228,7222,0
3,2005,228,5972,0
4,2005,228,7556,0
5,2005,228,7532,0
1,2005,247,7438,0
2,2005,251,7071,0
3,2005,251,6508,0
4,2005,251,7554,0
5,2005,251,7219,0
1,2005,258,7451,1
2,2005,257,7076,1
3,2005,272,5084,1
4,2005,258,7104,1
5,2005,272,7164,0
1,2005,276,6639,0
2,2005,276,6430,0
3,2005,276,5942,0
4,2005,276,6661,0
5,2005,276,6889,0
1,2005,303,5952,0
2,2005,297,6891,0
3,2005,302,2899,3
4,2005,301,2811,3
5,2005,292,5098,3
1,2005,317,-38,2
2,2005,313,1159,2
3,2005,319,4825,1
4,2005,317,1397,3
5,2005,308,6540,1
1,2005,334,6035,0
2,2005,323,2392,3
3,2005,333,5084,0
4,2005,333,6104,1
5,2005,324,6548,0
1,2005,344,-80,3
2,2005,339,384,3
3,2005,339,1694,3
4,2005,339,302,3
5,2005,340,,2
1,2005,6,380,2
2,2005,4,-139,2
3,2005,4,727,2
4,2005,353,2211,2
5,2005,353,6270,1
1,2006,6,380,2
2,2006,4,-139,2
3,2006,4,727,2
4,2006,14,2081,2
5,2006,8,6360,1
1,2006,28,0,3
2,2006,20,103,3
3,2006,30,188,2
4,2006,30,373,3
5,2006,20,4624,1
1,2006,46,-99,2
2,2006,42,,3
3,2006,43,482,2
4,2006,43,782,2
5,2006,34,1082,2
1,2006,53,-86,2
2,2006,53,-135,2
3,2006,50,170,2
4,2006,53,434,2
5,2006,55,853,2
1,2006,76,-318,2
2,2006,66,-220,2
3,2006,69,57,2
4,2006,76,478,2
5,2006,67,590,2
1,2006,82,-252,2
2,2006,82,-375,2
3,2006,90,-273,2
4,2006,88,571,2
5,2006,91,-74,2
1,2006,105,148,2
2,2006,102,-113,2
3,2006,103,4048,1
4,2006,103,1083,2
5,2006,103,2495,3
1,2006,120,2416,1
2,2006,128,5189,3
3,2006,128,4990,0
4,2006,128,5947,0
5,2006,128,5724,0
1,2006,133,5100,0
2,2006,133,5567,1
3,2006,135,4195,0
4,2006,135,6395,0
5,2006,135,5821,0
1,2006,158,6662,1
2,2006,151,5639,1
3,2006,151,5497,0
4,2006,151,6086,0
5,2006,149,6225,0
1,2006,176,6765,0
2,2006,176,6858,0
3,2006,176,6092,0
4,2006,176,7096,0
5,2006,169,6810,0
1,2006,189,7255,1
2,2006,189,7058,1
3,2006,189,6367,1
4,2006,189,7034,1
5,2006,183,7509,0
1,2006,206,7545,0
2,2006,206,7490,0
3,2006,206,7306,0
4,2006,206,7463,0
5,2006,201,7684,0
1,2006,222,7342,0
2,2006,222,6683,0
3,2006,222,6381,0
4,2006,222,7464,0
5,2006,211,7847,1
1,2006,229,4508,3
2,2006,229,7462,0
3,2006,240,6314,0
4,2006,240,7109,0
5,2006,240,7649,1
1,2006,246,7255,1
2,2006,250,7153,0
3,2006,251,6528,0
4,2006,246,6828,1
5,2006,251,7053,0
1,2006,258,6739,0
2,2006,258,6847,0
3,2006,258,6374,0
4,2006,258,6755,0
5,2006,272,7084,0
1,2006,284,6460,0
2,2006,284,6589,0
3,2006,284,5867,0
4,2006,284,6878,0
5,2006,283,6610,0
1,2006,289,5974,3
2,2006,290,798,3
3,2006,301,5354,1
4,2006,301,6078,1
5,2006,289,6521,1
1,2006,310,388,2
2,2006,309,3838,3
3,2006,311,5456,1
4,2006,311,5894,0
5,2006,311,6511,0
1,2006,329,5040,1
2,2006,332,5820,1
3,2006,327,4867,0
4,2006,327,6493,0
5,2006,327,6593,0
1,2006,340,-25,3
2,2006,337,536,3
3,2006,351,2272,3
4,2006,347,859,2
5,2006,351,3809,2
1,2006,1,-290,2
2,2006,357,,3
3,2006,1,577,2
4,2006,362,1201,2
5,2006,360,4777,1
1,2007,9,338,2
2,2007,9,-431,2
3,2007,1,577,2
4,2007,9,1760,1
5,2007,10,5068,1
1,2007,19,-435,3
2,2007,18,,3
3,2007,17,75,2
4,2007,18,1367,2
5,2007,32,825,2
1,2007,41,-128,3
2,2007,38,,3
3,2007,42,-3,2
4,2007,34,-85,3
5,2007,45,794,2
1,2007,58,-346,3
2,2007,58,,2
3,2007,53,-173,2
4,2007,52,423,2
5,2007,53,742,2
1,2007,69,-309,2
2,2007,74,-176,3
3,2007,67,-131,2
4,2007,69,276,2
5,2007,69,608,2
1,2007,83,-442,2
2,2007,86,-589,2
3,2007,92,601,2
4,2007,86,577,2
5,2007,85,1371,2
1,2007,106,-474,2
2,2007,106,-452,2
3,2007,102,586,2
4,2007,111,898,2
5,2007,102,2098,3
1,2007,117,-502,2
2,2007,117,-643,2
3,2007,117,3971,1
4,2007,114,1766,3
5,2007,117,5408,0
1,2007,138,357,2
2,2007,143,993,3
3,2007,129,5154,0
4,2007,136,5773,0
5,2007,131,5609,0
1,2007,159,4031,1
2,2007,159,2769,3
3,2007,145,4938,0
4,2007,155,6230,1
5,2007,147,6276,1
1,2007,171,6753,1
2,2007,170,5978,1
3,2007,165,4904,0
4,2007,165,6006,0
5,2007,165,6311,0
1,2007,185,6946,1
2,2007,186,6669,1
3,2007,186,5676,0
4,2007,185,6759,3
5,2007,186,7395,0
1,2007,204,7410,1
2,2007,198,7328,1
3,2007,204,6876,1
4,2007,204,7153,1
5,2007,204,7612,0
1,2007,218,7196,0
2,2007,223,7799,0
3,2007,218,7191,0
4,2007,223,7729,0
5,2007,223,7788,0
1,2007,235,7957,1
2,2007,234,7457,0
3,2007,240,6738,1
4,2007,240,7156,1
5,2007,240,7588,0
1,2007,249,7211,1
2,2007,252,7358,0
3,2007,249,6657,1
4,2007,249,7008,1
5,2007,241,7909,1
1,2007,257,7380,1
2,2007,257,7228,1
3,2007,265,6340,1
4,2007,257,7407,0
5,2007,257,7568,0
1,2007,276,6513,1
2,2007,278,6863,1
3,2007,284,5735,0
4,2007,284,6539,0
5,2007,275,6980,0
1,2007,292,5905,0
2,2007,292,6260,0
3,2007,291,5816,0
4,2007,292,6482,1
5,2007,300,6689,0
1,2007,309,5793,0
2,2007,314,6495,0
3,2007,314,6131,0
4,2007,314,5712,0
5,2007,309,6650,0
1,2007,324,4769,1
2,2007,323,4929,3
3,2007,323,5011,0
4,2007,323,6064,0
5,2007,335,6633,1
1,2007,337,-113,2
2,2007,337,23,2
3,2007,344,-148,2
4,2007,349,329,3
5,2007,345,1019,2
1,2007,361,219,3
2,2007,2,-200,3
3,2007,1,-121,2
4,2007,354,1103,2
5,2007,4,543,2
1,2008,14,-224,3
2,2008,2,-200,3
3,2008,1,-121,2
4,2008,14,708,2
5,2008,4,543,2
1,2008,18,-382,2
2,2008,18,-636,3
3,2008,17,-79,2
4,2008,31,-224,2
5,2008,27,840,2
1,2008,47,-163,3
2,2008,36,,3
3,2008,41,-121,2
4,2008,44,384,2
5,2008,36,518,2
1,2008,56,-242,2
2,2008,59,-696,3
3,2008,63,-286,2
4,2008,56,336,2
5,2008,56,739,2
1,2008,75,-478,2
2,2008,75,,2
3,2008,75,-264,2
4,2008,71,80,3
5,2008,67,987,2
1,2008,91,-480,2
2,2008,91,,2
3,2008,95,-396,2
4,2008,95,-238,2
5,2008,86,67,2
1,2008,111,-440,2
2,2008,98,-789,2
3,2008,112,-675,2
4,2008,107,-371,2
5,2008,111,994,2
1,2008,116,-162,2
2,2008,123,-512,2
3,2008,125,3704,1
4,2008,114,391,2
5,2008,125,5524,0
1,2008,135,1936,3
2,2008,134,928,3
3,2008,129,4458,0
4,2008,141,5378,1
5,2008,140,5997,1
1,2008,158,4954,1
2,2008,158,5168,1
3,2008,157,4959,0
4,2008,158,6190,1
5,2008,156,6583,1
1,2008,173,6255,0
2,2008,173,6462,1
3,2008,162,5270,0
4,2008,162,5876,0
5,2008,162,6819,0
1,2008,186,7343,3
2,2008,189,6977,0
3,2008,189,5962,0
4,2008,184,6575,0
5,2008,184,7000,0
1,2008,202,7458,1
2,2008,202,7473,1
3,2008,193,5961,3
4,2008,206,7659,1
5,2008,207,7633,0
1,2008,210,7450,1
2,2008,223,7570,3
3,2008,210,6741,1
4,2008,210,7583,0
5,2008,221,3968,3
1,2008,235,7644,0
2,2008,235,7613,0
3,2008,235,6882,0
4,2008,235,7551,0
5,2008,235,7854,0
1,2008,241,7450,1
2,2008,256,7581,0
3,2008,241,6655,0
4,2008,249,6696,1
5,2008,253,7623,0
1,2008,269,7049,0
2,2008,269,7126,0
3,2008,266,6165,0
4,2008,266,6772,0
5,2008,269,7499,0
1,2008,276,7053,0
2,2008,283,6955,0
3,2008,285,5621,0
4,2008,276,6819,0
5,2008,285,7059,0
1,2008,299,6412,0
2,2008,299,6735,0
3,2008,299,5560,0
4,2008,294,6496,0
5,2008,299,7080,0
1,2008,311,4528,3
2,2008,311,6300,1
3,2008,311,5151,1
4,2008,318,6277,1
5,2008,308,6200,1
1,2008,333,1977,3
2,2008,325,2176,3
3,2008,330,1486,2
4,2008,329,2009,3
5,2008,330,5705,3
1,2008,341,804,3
2,2008,337,974,3
3,2008,349,5469,0
4,2008,349,5424,1
5,2008,349,1109,3
1,2008,353,-637,2
2,2008,360,-257,3
3,2008,361,381,3
4,2008,354,327,2
5,2008,362,3764,3
1,2009,15,-261,3
2,2009,4,-289,3
3,2009,13,109,2
4,2009,15,522,2
5,2009,6,2266,2
1,2009,21,54,3
2,2009,25,,3
3,2009,22,-591,2
4,2009,28,923,2
5,2009,26,1383,2
1,2009,43,-238,3
2,2009,42,-939,3
3,2009,42,-159,2
4,2009,41,522,3
5,2009,38,1363,2
1,2009,57,-280,2
2,2009,,,
3,2009,56,-219,2
4,2009,56,113,2
5,2009,57,637,2
1,2009,70,-432,2
2,2009,70,-529,2
3,2009,73,-227,2
4,2009,68,378,2
5,2009,77,835,2
1,2009,91,-599,2
2,2009,91,-726,2
3,2009,91,-688,3
4,2009,91,-9,2
5,2009,86,506,3
1,2009,111,293,2
2,2009,110,-118,2
3,2009,111,3563,1
4,2009,99,1715,3
5,2009,111,5852,0
1,2009,120,1112,2
2,2009,125,280,2
3,2009,120,4536,0
4,2009,125,6299,0
5,2009,125,5899,0
1,2009,143,4947,1
2,2009,144,4140,3
3,2009,134,3985,0
4,2009,134,5655,0
5,2009,136,6025,0
1,2009,149,5307,1
2,2009,155,5593,1
3,2009,152,5120,0
4,2009,148,6030,0
5,2009,152,6164,0
1,2009,168,6101,0
2,2009,168,6214,0
3,2009,167,5678,1
4,2009,167,6424,1
5,2009,168,6669,0
1,2009,189,7094,0
2,2009,182,6903,0
3,2009,182,5915,0
4,2009,182,6948,0
5,2009,182,7258,0
1,2009,193,7157,0
2,2009,202,6837,1
3,2009,193,6125,0
4,2009,193,6912,0
5,2009,193,7131,1
1,2009,212,7673,0
2,2009,221,7814,0
3,2009,216,6840,0
4,2009,216,7237,0
5,2009,211,7645,1
1,2009,225,7354,0
2,2009,225,7139,0
3,2009,232,7151,1
4,2009,232,7377,0
5,2009,225,7652,0
1,2009,253,7251,0
2,2009,253,7293,0
3,2009,255,6387,0
4,2009,253,7289,0
5,2009,250,7297,0
1,2009,264,6880,0
2,2009,260,7301,0
3,2009,269,5828,0
4,2009,260,7012,0
5,2009,271,7219,0
1,2009,273,6555,1
2,2009,285,3917,3
3,2009,274,6380,0
4,2009,274,6825,0
5,2009,288,965,3
1,2009,303,6314,0
2,2009,303,6256,0
3,2009,303,5466,0
4,2009,303,6327,0
5,2009,303,6887,0
1,2009,306,6045,0
2,2009,306,6545,0
3,2009,306,5479,0
4,2009,306,6558,0
5,2009,309,6041,0
1,2009,329,4772,3
2,2009,323,5120,3
3,2009,327,5012,1
4,2009,333,2723,1
5,2009,334,6071,1
1,2009,338,206,2
2,2009,338,684,2
3,2009,347,158,2
4,2009,337,832,3
5,2009,337,2309,2
1,2009,361,-165,2
2,2009,361,96,2
3,2009,361,2072,1
4,2009,1,1370,3
5,2009,361,3926,3
1,2010,2,-798,2
2,2010,14,-350,3
3,2010,1,2997,3
4,2010,1,1370,3
5,2010,11,2247,3
1,2010,20,-350,2
2,2010,28,-505,2
3,2010,31,386,3
4,2010,25,392,2
5,2010,18,3540,2
1,2010,42,-211,3
2,2010,40,-204,3
3,2010,40,562,2
4,2010,42,1022,2
5,2010,42,1861,2
1,2010,54,-574,2
2,2010,54,,2
3,2010,62,724,3
4,2010,56,265,2
5,2010,56,823,2
1,2010,75,-513,2
2,2010,75,-502,2
3,2010,80,683,3
4,2010,72,415,2
5,2010,76,597,2
1,2010,82,-440,2
2,2010,94,-398,3
3,2010,94,5096,1
4,2010,92,-182,3
5,2010,82,549,2
1,2010,105,434,2
2,2010,104,610,2
3,2010,105,4496,0
4,2010,97,1313,2
5,2010,99,5699,1
1,2010,113,770,3
2,2010,113,907,3
3,2010,126,4969,0
4,2010,126,5963,0
5,2010,126,1043,3
1,2010,143,5314,1
2,2010,143,5559,1
3,2010,142,5010,0
4,2010,142,4743,3
5,2010,139,5973,0
1,2010,153,5791,0
2,2010,153,5970,0
3,2010,153,4963,0
4,2010,156,6030,1
5,2010,156,1979,1
1,2010,162,5878,0
2,2010,162,6130,0
3,2010,162,5010,0
4,2010,162,6062,0
5,2010,164,6640,0
1,2010,178,6107,0
2,2010,177,6751,1
3,2010,178,5978,0
4,2010,178,6391,0
5,2010,190,7518,0
1,2010,205,7096,0
2,2010,207,7572,1
3,2010,194,6861,0
4,2010,194,6978,0
5,2010,194,7540,0
1,2010,224,7367,1
2,2010,215,7837,1
3,2010,215,7004,0
4,2010,215,7408,0
5,2010,216,6215,3
1,2010,226,7401,0
2,2010,228,7357,0
3,2010,228,6243,0
4,2010,231,7307,0
5,2010,228,7626,0
1,2010,241,7186,1
2,2010,242,7458,0
3,2010,244,6093,0
4,2010,241,6977,1
5,2010,244,7528,0
1,2010,270,7146,0
2,2010,270,7141,0
3,2010,270,6343,0
4,2010,270,6519,0
5,2010,257,6157,3
1,2010,279,6422,0
2,2010,279,6732,0
3,2010,288,5761,0
4,2010,288,6674,0
5,2010,288,7273,0
1,2010,293,6681,1
2,2010,293,6779,1
3,2010,293,5862,1
4,2010,293,5981,3
5,2010,293,6820,1
1,2010,315,6250,0
2,2010,315,6426,0
3,2010,306,5866,0
4,2010,315,6107,0
5,2010,317,6617,0
1,2010,336,1615,2
2,2010,336,1691,2
3,2010,324,6983,1
4,2010,330,5854,3
5,2010,321,6535,1
1,2010,348,5162,1
2,2010,348,5650,1
3,2010,343,5575,1
4,2010,346,5192,3
5,2010,344,6311,0
1,2010,3,474,2
2,2010,3,1344,2
3,2010,1,4594,1
4,2010,364,206,3
5,2010,3,393,3
1,2011,3,474,2
2,2011,3,1344,2
3,2011,12,449,2
4,2011,12,210,2
5,2011,12,1763,2
1,2011,23,-491,3
2,2011,23,-560,3
3,2011,32,-128,2
4,2011,26,222,2
5,2011,32,546,2
1,2011,34,-190,3
2,2011,,,
3,2011,34,23,3
4,2011,36,367,3
5,2011,36,1068,2
1,2011,55,,3
2,2011,,,
3,2011,61,-195,2
4,2011,63,428,2
5,2011,58,607,2
1,2011,74,-249,2
2,2011,74,-557,2
3,2011,74,-931,2
4,2011,74,-89,2
5,2011,74,733,2
1,2011,83,-301,2
2,2011,83,-294,2
3,2011,83,-103,2
4,2011,91,154,2
5,2011,81,709,2
1,2011,103,-297,2
2,2011,103,-747,3
3,2011,106,1514,3
4,2011,103,204,2
5,2011,100,1168,2
1,2011,115,-591,2
2,2011,122,-728,2
3,2011,122,4787,0
4,2011,115,612,2
5,2011,122,6113,0
1,2011,142,4006,1
2,2011,138,893,3
3,2011,142,4791,0
4,2011,142,5529,0
5,2011,143,5836,1
1,2011,147,4571,1
2,2011,147,2478,3
3,2011,147,4482,0
4,2011,147,5717,0
5,2011,147,6446,0
1,2011,163,5849,0
2,2011,163,6165,0
3,2011,165,5684,0
4,2011,165,6337,0
5,2011,165,6852,0
1,2011,183,6758,0
2,2011,183,6470,0
3,2011,192,6431,0
4,2011,183,6453,0
5,2011,192,7375,0
1,2011,204,7737,1
2,2011,202,7526,0
3,2011,204,6872,0
4,2011,204,7270,0
5,2011,204,7787,0
1,2011,210,7244,1
2,2011,210,7344,1
3,2011,222,6502,0
4,2011,222,6493,0
5,2011,211,7355,1
1,2011,231,7268,0
2,2011,226,7428,1
3,2011,231,6509,0
4,2011,231,7214,0
5,2011,231,7727,0
1,2011,247,7296,0
2,2011,252,7591,0
3,2011,247,6822,0
4,2011,252,7250,0
5,2011,247,7634,0
1,2011,268,7090,0
2,2011,268,7303,0
3,2011,271,6495,1
4,2011,271,7257,1
5,2011,261,7824,0
1,2011,285,6897,1
2,2011,285,6878,1
3,2011,282,6400,1
4,2011,283,6239,1
5,2011,285,7433,1
1,2011,289,6686,0
2,2011,289,4015,1
3,2011,289,6157,1
4,2011,289,6466,0
5,2011,289,6828,1
1,2011,312,1860,3
2,2011,320,6347,0
3,2011,314,5260,1
4,2011,306,525,3
5,2011,316,7415,0
1,2011,328,271,2
2,2011,336,6499,1
3,2011,323,5564,1
4,2011,323,112,3
5,2011,326,6475,3
1,2011,348,80,2
2,2011,348,357,2
3,2011,338,4072,3
4,2011,338,5685,0
5,2011,338,6411,0
1,2011,353,585,2
2,2011,356,-264,3
3,2011,353,2565,3
4,2011,359,1315,2
5,2011,359,2422,2
1,2012,10,-319,2
2,2012,10,,2
3,2012,12,-34,2
4,2012,16,1288,2
5,2012,12,2289,2
1,2012,25,-226,2
2,2012,25,-553,2
3,2012,30,9,2
4,2012,30,684,3
5,2012,29,1345,3
1,2012,33,-90,2
2,2012,33,,2
3,2012,33,-490,2
4,2012,34,954,2
5,2012,33,1575,2
1,2012,61,-80,3
2,2012,50,-422,3
3,2012,52,189,2
4,2012,62,688,2
5,2012,52,1500,2
1,2012,68,-390,2
2,2012,70,,2
3,2012,79,-1041,2
4,2012,75,206,2
5,2012,74,1563,2
1,2012,93,-84,3
2,2012,91,-445,3
3,2012,83,-69,2
4,2012,92,430,2
5,2012,85,2092,2
1,2012,111,157,2
2,2012,111,-500,2
3,2012,112,4501,1
4,2012,105,789,2
5,2012,108,5180,1
1,2012,125,3323,3
2,2012,125,1127,3
3,2012,123,4647,0
4,2012,123,5938,0
5,2012,123,6440,1
1,2012,141,5925,0
2,2012,141,5444,0
3,2012,140,5110,0
4,2012,140,5777,0
5,2012,143,6590,1
1,2012,150,5936,0
2,2012,150,6043,0
3,2012,145,5071,0
4,2012,147,5924,0
5,2012,145,6608,0
1,2012,161,6235,0
2,2012,175,6583,0
3,2012,175,5372,0
4,2012,166,6265,0
5,2012,161,6928,0
1,2012,188,6704,1
2,2012,186,6862,1
3,2012,184,5976,0
4,2012,188,6146,0
5,2012,184,7730,0
1,2012,194,7552,0
2,2012,193,7097,0
3,2012,193,6337,0
4,2012,204,6857,0
5,2012,204,7445,0
1,2012,214,6949,0
2,2012,214,7156,1
3,2012,209,6704,0
4,2012,214,7268,0
5,2012,209,7728,0
1,2012,231,7997,3
2,2012,227,3201,3
3,2012,235,7250,1
4,2012,236,6872,0
5,2012,240,7800,1
1,2012,246,7419,0
2,2012,246,7554,0
3,2012,246,6969,0
4,2012,248,7245,0
5,2012,246,7905,0
1,2012,262,7372,1
2,2012,262,7136,1
3,2012,257,6236,0
4,2012,257,7025,0
5,2012,262,7773,1
1,2012,284,6702,0
2,2012,278,6104,1
3,2012,273,6168,0
4,2012,277,6451,1
5,2012,273,5985,3
1,2012,302,6125,1
2,2012,302,6285,1
3,2012,292,5899,0
4,2012,292,6671,0
5,2012,294,5862,3
1,2012,318,6205,3
2,2012,316,800,3
3,2012,312,5246,1
4,2012,318,5862,1
5,2012,317,7188,1
1,2012,326,6250,0
2,2012,326,6802,0
3,2012,326,5089,0
4,2012,326,6463,0
5,2012,323,6691,0
1,2012,342,176,3
2,2012,339,686,2
3,2012,351,159,2
4,2012,343,3116,3
5,2012,348,6959,0
1,2012,353,151,2
2,2012,356,330,2
3,2012,356,560,2
4,2012,356,1720,2
5,2012,356,2689,2
