id,ndvi,mask,doy,year
0,0.04553811285293297,0.0,35.0,2015.0
1,0.03643669755372445,0.0,35.0,2015.0
2,0.036056702072235304,0.0,35.0,2015.0
3,0.04935581918803363,0.0,35.0,2015.0
4,0.027151441518541847,0.0,35.0,2015.0
5,0.03643669755372445,0.0,35.0,2015.0
6,0.03850126371042724,0.0,35.0,2015.0
0,0.46402121599572344,0.0,51.0,2015.0
1,0.10946776133483475,0.0,51.0,2015.0
2,0.3473987624572147,0.0,51.0,2015.0
3,0.2601195642018977,1.0,51.0,2015.0
4,-0.01585959562240046,1.0,51.0,2015.0
5,0.10946776133483475,0.0,51.0,2015.0
6,0.2565324593822967,1.0,51.0,2015.0
0,0.012769821449731782,1.0,83.0,2015.0
1,0.006558956508968229,1.0,83.0,2015.0
2,0.021127299682576033,1.0,83.0,2015.0
3,0.001178909515259009,1.0,83.0,2015.0
4,0.02153315652937362,1.0,83.0,2015.0
5,0.006558956508968229,1.0,83.0,2015.0
6,0.0069807080054812495,1.0,83.0,2015.0
0,0.24802329542727158,0.0,99.0,2015.0
1,0.2053606610675366,0.0,99.0,2015.0
2,0.32063905302138096,0.0,99.0,2015.0
3,0.32418378943940795,0.0,99.0,2015.0
4,0.2764232051082549,0.0,99.0,2015.0
5,0.2053606610675366,0.0,99.0,2015.0
6,0.3087142001452819,0.0,99.0,2015.0
0,0.35491457916230756,0.0,115.0,2015.0
1,0.374703528026305,0.0,115.0,2015.0
2,0.36023476319618497,0.0,115.0,2015.0
3,0.37158804202022383,0.0,115.0,2015.0
4,0.330503078954895,0.0,115.0,2015.0
5,0.374703528026305,0.0,115.0,2015.0
6,0.38442264722656316,0.0,115.0,2015.0
0,0.4644675927832468,0.0,131.0,2015.0
1,0.3923885653730935,0.0,131.0,2015.0
2,0.535386229845878,0.0,131.0,2015.0
3,0.38340823428848353,0.0,131.0,2015.0
4,0.34619548725056465,0.0,131.0,2015.0
5,0.3923885653730935,0.0,131.0,2015.0
6,0.40870511038879187,0.0,131.0,2015.0
0,0.868485745458632,1.0,147.0,2015.0
1,0.7909221505121754,0.0,147.0,2015.0
2,0.8683535417788465,0.0,147.0,2015.0
3,0.8000937224339107,0.0,147.0,2015.0
4,0.6465159112152297,1.0,147.0,2015.0
5,0.7909221505121754,0.0,147.0,2015.0
6,0.8133046033092877,0.0,147.0,2015.0
0,0.08836502880131664,1.0,179.0,2015.0
1,0.11557751705238728,1.0,179.0,2015.0
2,0.12744912901501965,1.0,179.0,2015.0
3,0.10842642259559551,1.0,179.0,2015.0
4,0.09532630563242844,1.0,179.0,2015.0
5,0.11557751705238728,1.0,179.0,2015.0
6,0.10456543723955605,1.0,179.0,2015.0
0,0.02393413182165368,1.0,195.0,2015.0
1,0.040360141490145406,1.0,195.0,2015.0
2,0.027639638937504853,1.0,195.0,2015.0
3,0.057415842575855455,1.0,195.0,2015.0
4,0.27371185132605136,1.0,195.0,2015.0
5,0.040360141490145406,1.0,195.0,2015.0
6,0.0655126319177486,1.0,195.0,2015.0
0,0.7400853527530035,0.0,211.0,2015.0
1,0.824286373641468,0.0,211.0,2015.0
2,0.8395860361165004,0.0,211.0,2015.0
3,0.8450002621515452,0.0,211.0,2015.0
4,0.7698187494402978,0.0,211.0,2015.0
5,0.824286373641468,0.0,211.0,2015.0
6,0.8537495490746155,0.0,211.0,2015.0
0,-0.005862983449063364,1.0,227.0,2015.0
1,-0.018410325452650957,1.0,227.0,2015.0
2,-0.011666625128942266,1.0,227.0,2015.0
3,-0.020752606918354174,1.0,227.0,2015.0
4,-0.025789880321271604,1.0,227.0,2015.0
5,-0.018410325452650957,1.0,227.0,2015.0
6,-0.0189778115670354,1.0,227.0,2015.0
0,0.8497837610216424,0.0,243.0,2015.0
1,0.8265239013634659,0.0,243.0,2015.0
2,0.8621121719551138,0.0,243.0,2015.0
3,0.8431171519021342,0.0,243.0,2015.0
4,0.7198126596071421,0.0,243.0,2015.0
5,0.8265239013634659,0.0,243.0,2015.0
6,0.8571966513989062,0.0,243.0,2015.0
0,0.7982611302373186,1.0,259.0,2015.0
1,0.6545818316399128,1.0,259.0,2015.0
2,0.4758042958177863,1.0,259.0,2015.0
3,0.13030488496903161,1.0,259.0,2015.0
4,0.542188795478828,0.0,259.0,2015.0
5,0.6545818316399128,1.0,259.0,2015.0
6,0.25048045638295785,1.0,259.0,2015.0
0,-0.014978041656557953,1.0,291.0,2015.0
1,-0.007133672924644674,1.0,291.0,2015.0
2,-0.005599263083918595,1.0,291.0,2015.0
3,9.501606346015577E-4,1.0,291.0,2015.0
4,0.0023781838726695116,1.0,291.0,2015.0
5,-0.007133672924644674,1.0,291.0,2015.0
6,-0.005559237776616539,1.0,291.0,2015.0
0,0.4700371754510578,0.0,307.0,2015.0
1,0.4566311919885869,0.0,307.0,2015.0
2,0.49856103237810695,0.0,307.0,2015.0
3,0.48942476282460534,0.0,307.0,2015.0
4,0.4094223960551484,0.0,307.0,2015.0
5,0.4566311919885869,0.0,307.0,2015.0
6,0.46530674453514825,0.0,307.0,2015.0
0,0.6094576151403633,0.0,323.0,2015.0
1,,0.0,323.0,2015.0
2,0.7854672630548375,0.0,323.0,2015.0
3,0.9685209914368268,0.0,323.0,2015.0
4,0.404068007921953,0.0,323.0,2015.0
5,,0.0,323.0,2015.0
6,0.7656199509260239,0.0,323.0,2015.0
0,0.6644425720964402,1.0,38.0,2016.0
1,0.19707149837764662,1.0,38.0,2016.0
2,0.5792864475359338,1.0,38.0,2016.0
3,0.7459257670314959,1.0,38.0,2016.0
4,-0.03709747685840784,1.0,38.0,2016.0
5,0.19707149837764662,1.0,38.0,2016.0
6,0.48926624026878296,1.0,38.0,2016.0
0,0.5500346765652087,0.0,54.0,2016.0
1,0.11656374243989547,0.0,54.0,2016.0
2,0.42237016937604804,0.0,54.0,2016.0
3,0.28678947444685193,0.0,54.0,2016.0
4,-0.013737884853020726,0.0,54.0,2016.0
5,0.11656374243989547,0.0,54.0,2016.0
6,0.2497234311699468,0.0,54.0,2016.0
0,0.23960875088796235,0.0,70.0,2016.0
1,-0.00459989614930311,0.0,70.0,2016.0
2,0.1544951394321252,0.0,70.0,2016.0
3,0.14250588197370403,0.0,70.0,2016.0
4,-0.06184475774100157,0.0,70.0,2016.0
5,-0.00459989614930311,0.0,70.0,2016.0
6,0.1328515215882432,0.0,70.0,2016.0
0,0.11550168020582521,0.0,86.0,2016.0
1,0.031900964717782775,0.0,86.0,2016.0
2,0.0699025793548722,0.0,86.0,2016.0
3,0.061541052923535206,0.0,86.0,2016.0
4,-0.05526409294398162,0.0,86.0,2016.0
5,0.031900964717782775,0.0,86.0,2016.0
6,0.12429721452856521,0.0,86.0,2016.0
0,0.25734483836991195,0.0,102.0,2016.0
1,0.1471535254412205,0.0,102.0,2016.0
2,0.3166051866592188,0.0,102.0,2016.0
3,0.272094018165372,0.0,102.0,2016.0
4,0.3034224177539735,0.0,102.0,2016.0
5,0.1471535254412205,0.0,102.0,2016.0
6,0.28617345294673846,0.0,102.0,2016.0
0,0.3454454563722924,1.0,118.0,2016.0
1,0.31769188788550495,1.0,118.0,2016.0
2,0.32032319417507166,1.0,118.0,2016.0
3,0.33867260150120243,1.0,118.0,2016.0
4,0.2856266530440167,1.0,118.0,2016.0
5,0.31769188788550495,1.0,118.0,2016.0
6,0.3559610115626847,1.0,118.0,2016.0
0,0.7817149952903413,0.0,134.0,2016.0
1,0.6620957413484182,0.0,134.0,2016.0
2,0.7883502688228572,0.0,134.0,2016.0
3,0.7448121243257664,0.0,134.0,2016.0
4,0.4942430595990426,0.0,134.0,2016.0
5,0.6620957413484182,0.0,134.0,2016.0
6,0.7189176802454214,0.0,134.0,2016.0
0,0.36897193150945257,1.0,150.0,2016.0
1,0.3145598433137337,1.0,150.0,2016.0
2,0.5088794038569027,1.0,150.0,2016.0
3,0.16977976035589898,1.0,150.0,2016.0
4,0.15933656221814094,1.0,150.0,2016.0
5,0.3145598433137337,1.0,150.0,2016.0
6,0.1915724406339899,1.0,150.0,2016.0
0,0.8877172418963114,0.0,166.0,2016.0
1,0.8428362100682413,0.0,166.0,2016.0
2,0.8886941821295248,0.0,166.0,2016.0
3,0.8977062801819927,0.0,166.0,2016.0
4,0.4161392254837205,1.0,166.0,2016.0
5,0.8428362100682413,0.0,166.0,2016.0
6,0.8930136597268139,0.0,166.0,2016.0
0,-0.0016060304309420007,1.0,182.0,2016.0
1,-0.002185325251209984,1.0,182.0,2016.0
2,-0.005343464749481467,1.0,182.0,2016.0
3,-0.007525050055657747,1.0,182.0,2016.0
4,-0.009156281401611415,1.0,182.0,2016.0
5,-0.002185325251209984,1.0,182.0,2016.0
6,-0.009217932399591889,1.0,182.0,2016.0
0,0.8637470586037576,1.0,198.0,2016.0
1,0.8851668715706809,0.0,198.0,2016.0
2,0.9078438377110418,0.0,198.0,2016.0
3,0.8218283007943477,1.0,198.0,2016.0
4,0.8566274623966611,1.0,198.0,2016.0
5,0.8851668715706809,0.0,198.0,2016.0
6,0.8572399890952086,0.0,198.0,2016.0
0,0.868489315580737,0.0,214.0,2016.0
1,0.8538240664270135,0.0,214.0,2016.0
2,0.8803174668905815,0.0,214.0,2016.0
3,0.8433424142159088,0.0,214.0,2016.0
4,0.7042393461926169,1.0,214.0,2016.0
5,0.8538240664270135,0.0,214.0,2016.0
6,0.8364290281577403,0.0,214.0,2016.0
0,0.8763628263015019,0.0,230.0,2016.0
1,0.8569282900804727,0.0,230.0,2016.0
2,0.8891732589784246,0.0,230.0,2016.0
3,0.8516169279706528,1.0,230.0,2016.0
4,0.781241240610849,0.0,230.0,2016.0
5,0.8569282900804727,0.0,230.0,2016.0
6,0.8275498442211633,0.0,230.0,2016.0
0,0.6643447877292715,1.0,294.0,2016.0
1,0.05141483957640116,1.0,294.0,2016.0
2,0.37685640271735327,1.0,294.0,2016.0
3,0.15007932668087762,1.0,294.0,2016.0
4,0.1079022296105906,1.0,294.0,2016.0
5,0.05141483957640116,1.0,294.0,2016.0
6,0.0921616737378757,1.0,294.0,2016.0
0,0.8601669861881837,0.0,24.0,2017.0
1,,0.0,24.0,2017.0
2,,0.0,24.0,2017.0
3,0.7698723681107378,0.0,24.0,2017.0
4,-0.04232237811142495,0.0,24.0,2017.0
5,,0.0,24.0,2017.0
6,,0.0,24.0,2017.0
0,0.04691918922473624,0.0,40.0,2017.0
1,0.03328145535334578,0.0,40.0,2017.0
2,0.04915104325757397,0.0,40.0,2017.0
3,0.03984977296599284,0.0,40.0,2017.0
4,0.029580540249333022,0.0,40.0,2017.0
5,0.03328145535334578,0.0,40.0,2017.0
6,0.02845703889282589,0.0,40.0,2017.0
0,0.43845527734173767,0.0,56.0,2017.0
1,0.3318348878676189,0.0,56.0,2017.0
2,0.37506026469267933,0.0,56.0,2017.0
3,0.19435440498729428,0.0,56.0,2017.0
4,0.031197202642150684,1.0,56.0,2017.0
5,0.3318348878676189,0.0,56.0,2017.0
6,0.17256546202769601,0.0,56.0,2017.0
0,0.35710424627459547,0.0,72.0,2017.0
1,0.11973131714513181,0.0,72.0,2017.0
2,0.18596433420150071,0.0,72.0,2017.0
3,0.20704760061181104,0.0,72.0,2017.0
4,-0.02433294197348031,0.0,72.0,2017.0
5,0.11973131714513181,0.0,72.0,2017.0
6,0.16661508299673217,0.0,72.0,2017.0
0,0.009107996439834048,1.0,88.0,2017.0
1,0.0074342136991635945,1.0,88.0,2017.0
2,0.0061554108491124115,1.0,88.0,2017.0
3,0.006280142215815723,1.0,88.0,2017.0
4,0.006740895126820073,1.0,88.0,2017.0
5,0.0074342136991635945,1.0,88.0,2017.0
6,0.010559630531256864,1.0,88.0,2017.0
0,-0.011864911445780012,1.0,120.0,2017.0
1,-0.006513694184930322,1.0,120.0,2017.0
2,-0.017343280518460902,1.0,120.0,2017.0
3,-0.002586835036253596,1.0,120.0,2017.0
4,-0.0016618535979318829,1.0,120.0,2017.0
5,-0.006513694184930322,1.0,120.0,2017.0
6,-0.010323924237361047,1.0,120.0,2017.0
0,0.6451927204352215,0.0,136.0,2017.0
1,0.5694800557274766,0.0,136.0,2017.0
2,0.6985825452565596,0.0,136.0,2017.0
3,0.5549853407644905,0.0,136.0,2017.0
4,0.3979129356395414,0.0,136.0,2017.0
5,0.5694800557274766,0.0,136.0,2017.0
6,0.5597589256928729,0.0,136.0,2017.0
0,-0.007410746262233146,1.0,152.0,2017.0
1,0.0047688087215099085,1.0,152.0,2017.0
2,0.0015812808603458174,1.0,152.0,2017.0
3,-0.004376921301643801,1.0,152.0,2017.0
4,-0.004723419067426017,1.0,152.0,2017.0
5,0.0047688087215099085,1.0,152.0,2017.0
6,0.0020751910056597818,1.0,152.0,2017.0
0,0.010338317417915717,1.0,168.0,2017.0
1,0.038704935734854846,1.0,168.0,2017.0
2,0.037224601489344936,1.0,168.0,2017.0
3,0.0508380059248276,1.0,168.0,2017.0
4,0.04098380977547708,1.0,168.0,2017.0
5,0.038704935734854846,1.0,168.0,2017.0
6,0.055841303970672725,1.0,168.0,2017.0
0,0.8887637809149944,0.0,184.0,2017.0
1,0.8926638319694024,0.0,184.0,2017.0
2,0.8713867225852515,0.0,184.0,2017.0
3,0.893961610484076,0.0,184.0,2017.0
4,0.8364387190564349,0.0,184.0,2017.0
5,0.8926638319694024,0.0,184.0,2017.0
6,0.887663360925243,0.0,184.0,2017.0
0,-0.002225496787207206,1.0,200.0,2017.0
1,0.014502959697509228,1.0,200.0,2017.0
2,0.04726690928470921,1.0,200.0,2017.0
3,0.03527423711889946,1.0,200.0,2017.0
4,0.012987403241868317,1.0,200.0,2017.0
5,0.014502959697509228,1.0,200.0,2017.0
6,0.011729019999658277,1.0,200.0,2017.0
0,0.15816778824724081,1.0,216.0,2017.0
1,0.48734249835838517,1.0,216.0,2017.0
2,0.19314379957202102,1.0,216.0,2017.0
3,0.40230379434730135,1.0,216.0,2017.0
4,0.35251373885501064,1.0,216.0,2017.0
5,0.48734249835838517,1.0,216.0,2017.0
6,0.37075385776011316,1.0,216.0,2017.0
0,0.8409541062930057,0.0,232.0,2017.0
1,0.8504351073235784,0.0,232.0,2017.0
2,0.8205393471055487,0.0,232.0,2017.0
3,0.8404555282478365,0.0,232.0,2017.0
4,0.7386805654945734,0.0,232.0,2017.0
5,0.8504351073235784,0.0,232.0,2017.0
6,0.8282751245532103,0.0,232.0,2017.0
0,0.8174575957102386,0.0,248.0,2017.0
1,0.8142678778501273,0.0,248.0,2017.0
2,0.7934661475758711,0.0,248.0,2017.0
3,0.7966226721623691,0.0,248.0,2017.0
4,0.7270861199087656,0.0,248.0,2017.0
5,0.8142678778501273,0.0,248.0,2017.0
6,0.7983391345354802,0.0,248.0,2017.0
0,0.4850985351531809,1.0,296.0,2017.0
1,0.4819433709809456,1.0,296.0,2017.0
2,0.46702325364756975,1.0,296.0,2017.0
3,0.47661210671743703,1.0,296.0,2017.0
4,0.43634088105801755,1.0,296.0,2017.0
5,0.4819433709809456,1.0,296.0,2017.0
6,0.49110949609333693,1.0,296.0,2017.0
0,,0.0,312.0,2017.0
1,0.369069036523247,1.0,312.0,2017.0
2,0.9568831373675988,0.0,312.0,2017.0
3,0.6968473892998353,1.0,312.0,2017.0
4,-0.010665144244601066,0.0,312.0,2017.0
5,0.369069036523247,1.0,312.0,2017.0
6,,1.0,312.0,2017.0
0,-0.014404913993161322,0.0,27.0,2018.0
1,-0.01857912243704207,0.0,27.0,2018.0
2,-0.01172720492576939,0.0,27.0,2018.0
3,-0.0162250912323853,0.0,27.0,2018.0
4,-0.020959705728139964,0.0,27.0,2018.0
5,-0.01857912243704207,0.0,27.0,2018.0
6,-0.02018990693175246,0.0,27.0,2018.0
0,-0.00862487294026927,1.0,43.0,2018.0
1,-0.011352650910101597,1.0,43.0,2018.0
2,-0.013068271338791489,1.0,43.0,2018.0
3,-0.016247027905810243,1.0,43.0,2018.0
4,-0.015867405120131736,1.0,43.0,2018.0
5,-0.011352650910101597,1.0,43.0,2018.0
6,-0.01619270284875609,1.0,43.0,2018.0
0,0.49764576984153286,0.0,59.0,2018.0
1,0.09802283904354564,0.0,59.0,2018.0
2,0.38794355095331146,0.0,59.0,2018.0
3,0.26978599274724824,0.0,59.0,2018.0
4,-0.03019369456180725,0.0,59.0,2018.0
5,0.09802283904354564,0.0,59.0,2018.0
6,0.3324027453796308,0.0,59.0,2018.0
0,0.03810767795260473,1.0,91.0,2018.0
1,0.04585850218044247,1.0,91.0,2018.0
2,0.045528647408983665,1.0,91.0,2018.0
3,0.08752460036726947,1.0,91.0,2018.0
4,-0.005965468505333698,0.0,91.0,2018.0
5,0.04585850218044247,1.0,91.0,2018.0
6,0.1066220933196487,1.0,91.0,2018.0
0,0.10912673820312853,0.0,107.0,2018.0
1,0.05803966936507983,0.0,107.0,2018.0
2,0.08493968544540274,0.0,107.0,2018.0
3,0.04486463784975854,0.0,107.0,2018.0
4,-0.02309167486065198,0.0,107.0,2018.0
5,0.05803966936507983,0.0,107.0,2018.0
6,0.08537390336078166,0.0,107.0,2018.0
0,-5.087966002963085E-4,1.0,123.0,2018.0
1,0.40548823781513366,0.0,123.0,2018.0
2,0.40572380325321866,0.0,123.0,2018.0
3,0.40021406234873197,0.0,123.0,2018.0
4,0.3325528164367314,0.0,123.0,2018.0
5,0.40548823781513366,0.0,123.0,2018.0
6,0.4095371113012207,0.0,123.0,2018.0
0,0.7850494688052441,0.0,139.0,2018.0
1,0.6625126718642311,0.0,139.0,2018.0
2,0.7885189677843085,0.0,139.0,2018.0
3,0.7525191303706714,0.0,139.0,2018.0
4,0.4829598361115791,0.0,139.0,2018.0
5,0.6625126718642311,0.0,139.0,2018.0
6,0.7154623569172868,0.0,139.0,2018.0
0,0.6708047050942069,0.0,155.0,2018.0
1,0.7371866850393182,0.0,155.0,2018.0
2,0.7885177949299763,0.0,155.0,2018.0
3,0.8418779078188441,0.0,155.0,2018.0
4,0.7383626247058841,0.0,155.0,2018.0
5,0.7371866850393182,0.0,155.0,2018.0
6,0.8180076747106145,0.0,155.0,2018.0
0,0.5015979696745942,0.0,171.0,2018.0
1,0.641481947918685,0.0,171.0,2018.0
2,0.7111209916943817,0.0,171.0,2018.0
3,0.7564309776205337,0.0,171.0,2018.0
4,0.6881962447024413,0.0,171.0,2018.0
5,0.641481947918685,0.0,171.0,2018.0
6,0.7221687415444461,0.0,171.0,2018.0
0,0.586065375879025,1.0,187.0,2018.0
1,0.5552581364071975,1.0,187.0,2018.0
2,0.477481165745882,1.0,187.0,2018.0
3,0.405618135329172,1.0,187.0,2018.0
4,0.7834550349347014,1.0,187.0,2018.0
5,0.5552581364071975,1.0,187.0,2018.0
6,0.09415350494838305,1.0,187.0,2018.0
0,0.8399705447357924,1.0,203.0,2018.0
1,0.801919223415183,0.0,203.0,2018.0
2,0.7952242943102633,0.0,203.0,2018.0
3,0.836351078814584,0.0,203.0,2018.0
4,0.438687962047146,1.0,203.0,2018.0
5,0.801919223415183,0.0,203.0,2018.0
6,0.8125957005798978,0.0,203.0,2018.0
0,0.8483434235969055,0.0,219.0,2018.0
1,0.835021111411812,0.0,219.0,2018.0
2,0.8241981263536151,0.0,219.0,2018.0
3,0.8419969376432392,0.0,219.0,2018.0
4,0.787565699669294,0.0,219.0,2018.0
5,0.835021111411812,0.0,219.0,2018.0
6,0.8268936458139611,0.0,219.0,2018.0
0,0.6103803584156461,0.0,267.0,2018.0
1,0.6734459866257454,0.0,267.0,2018.0
2,0.7124756613226959,0.0,267.0,2018.0
3,0.6719501037201442,0.0,267.0,2018.0
4,0.6173655535188989,0.0,267.0,2018.0
5,0.6734459866257454,0.0,267.0,2018.0
6,0.6637561365979658,0.0,267.0,2018.0
0,-0.022586360114472407,1.0,283.0,2018.0
1,-0.01926806205077666,1.0,283.0,2018.0
2,-0.022492497732008516,1.0,283.0,2018.0
3,-0.019409979005521535,1.0,283.0,2018.0
4,-0.018029226256616147,1.0,283.0,2018.0
5,-0.01926806205077666,1.0,283.0,2018.0
6,-0.021475314996335725,1.0,283.0,2018.0
0,0.4521565611976072,0.0,299.0,2018.0
1,0.429416551373889,0.0,299.0,2018.0
2,0.44510342425100363,0.0,299.0,2018.0
3,0.4397326626387433,0.0,299.0,2018.0
4,0.39298973102852824,0.0,299.0,2018.0
5,0.429416551373889,0.0,299.0,2018.0
6,0.45766437455864584,0.0,299.0,2018.0
0,0.07529825229745359,1.0,315.0,2018.0
1,0.09374263163241624,1.0,315.0,2018.0
2,0.07429529594017488,1.0,315.0,2018.0
3,0.04082583096991098,1.0,315.0,2018.0
4,0.04768235212102531,1.0,315.0,2018.0
5,0.09374263163241624,1.0,315.0,2018.0
6,0.04240836037501498,1.0,315.0,2018.0
0,-0.02845132052830223,1.0,30.0,2019.0
1,-0.027573869492762436,1.0,30.0,2019.0
2,-0.02962805074616615,1.0,30.0,2019.0
3,-0.030583742118518897,1.0,30.0,2019.0
4,-0.030623449067925686,1.0,30.0,2019.0
5,-0.027573869492762436,1.0,30.0,2019.0
6,-0.03281382170031551,1.0,30.0,2019.0
0,0.09803077085275745,1.0,46.0,2019.0
1,0.009471131187386376,1.0,46.0,2019.0
2,0.07550727633048271,1.0,46.0,2019.0
3,0.07808472277245809,1.0,46.0,2019.0
4,-0.024051418531977637,1.0,46.0,2019.0
5,0.009471131187386376,1.0,46.0,2019.0
6,0.06300285521703954,1.0,46.0,2019.0
0,0.3095717703620873,0.0,62.0,2019.0
1,0.08957871971431086,0.0,62.0,2019.0
2,0.23275544356173658,0.0,62.0,2019.0
3,0.1487508250435996,0.0,62.0,2019.0
4,-0.02160774320715773,0.0,62.0,2019.0
5,0.08957871971431086,0.0,62.0,2019.0
6,0.1558422897491167,0.0,62.0,2019.0
0,0.261569038395839,0.0,78.0,2019.0
1,0.049357019430762344,0.0,78.0,2019.0
2,0.20790131864754166,0.0,78.0,2019.0
3,0.11769739793910707,0.0,78.0,2019.0
4,-0.08723950202733019,0.0,78.0,2019.0
5,0.049357019430762344,0.0,78.0,2019.0
6,0.17055040256494305,0.0,78.0,2019.0
0,0.0539270904523976,1.0,94.0,2019.0
1,0.061905813656536655,1.0,94.0,2019.0
2,0.11614553084354542,1.0,94.0,2019.0
3,0.08872863143077514,1.0,94.0,2019.0
4,0.1243270408613877,1.0,94.0,2019.0
5,0.061905813656536655,1.0,94.0,2019.0
6,0.07507970372677034,1.0,94.0,2019.0
0,0.37664106589170554,0.0,110.0,2019.0
1,0.37374704417606425,0.0,110.0,2019.0
2,0.3775549496445544,0.0,110.0,2019.0
3,0.3810858145604408,0.0,110.0,2019.0
4,0.3078245661141293,0.0,110.0,2019.0
5,0.37374704417606425,0.0,110.0,2019.0
6,0.325867051075003,0.0,110.0,2019.0
0,0.37274099488042584,0.0,126.0,2019.0
1,0.3846086082239603,0.0,126.0,2019.0
2,0.3694890766785803,0.0,126.0,2019.0
3,0.37394320039488194,0.0,126.0,2019.0
4,0.3189625036710024,0.0,126.0,2019.0
5,0.3846086082239603,0.0,126.0,2019.0
6,0.39281180750071065,0.0,126.0,2019.0
0,0.08629166332216776,1.0,142.0,2019.0
1,0.06205812922877983,1.0,142.0,2019.0
2,0.07987672616426271,1.0,142.0,2019.0
3,0.04611605958241485,1.0,142.0,2019.0
4,0.0327962209651264,1.0,142.0,2019.0
5,0.06205812922877983,1.0,142.0,2019.0
6,0.055239399658645855,1.0,142.0,2019.0
0,0.004478915685128451,1.0,158.0,2019.0
1,0.006168449038180422,1.0,158.0,2019.0
2,3.0715929704681666E-4,1.0,158.0,2019.0
3,0.20883698146428892,1.0,158.0,2019.0
4,0.07521377132061045,1.0,158.0,2019.0
5,0.006168449038180422,1.0,158.0,2019.0
6,0.07078710155260631,1.0,158.0,2019.0
0,0.08260465079115932,1.0,190.0,2019.0
1,0.09180356283455739,1.0,190.0,2019.0
2,0.10977316106248275,1.0,190.0,2019.0
3,0.09371254866470723,1.0,190.0,2019.0
4,0.08856724444495875,1.0,190.0,2019.0
5,0.09180356283455739,1.0,190.0,2019.0
6,0.08619811296979966,1.0,190.0,2019.0
0,0.8653881577106849,0.0,206.0,2019.0
1,0.8524571118402915,0.0,206.0,2019.0
2,0.8821565839604912,0.0,206.0,2019.0
3,0.8620141030656517,0.0,206.0,2019.0
4,0.8133684084460768,0.0,206.0,2019.0
5,0.8524571118402915,0.0,206.0,2019.0
6,0.8688004814541003,0.0,206.0,2019.0
0,0.7679941166120771,1.0,222.0,2019.0
1,0.6830482735875006,1.0,222.0,2019.0
2,0.6350429089035738,1.0,222.0,2019.0
3,0.6238309207471405,1.0,222.0,2019.0
4,0.4957390863594596,1.0,222.0,2019.0
5,0.6830482735875006,1.0,222.0,2019.0
6,0.5556704925411784,1.0,222.0,2019.0
0,0.4858293109400495,1.0,238.0,2019.0
1,0.16986044816377846,1.0,238.0,2019.0
2,0.22750351052519685,1.0,238.0,2019.0
3,0.059445802532362035,1.0,238.0,2019.0
4,0.07316383148060837,1.0,238.0,2019.0
5,0.16986044816377846,1.0,238.0,2019.0
6,0.08207048368771304,1.0,238.0,2019.0
0,0.7289932523088362,0.0,254.0,2019.0
1,0.7290847305811307,0.0,254.0,2019.0
2,0.7931155668836433,0.0,254.0,2019.0
3,0.735335231262734,0.0,254.0,2019.0
4,0.6714157281317651,0.0,254.0,2019.0
5,0.7290847305811307,0.0,254.0,2019.0
6,0.7557118445146507,0.0,254.0,2019.0
0,0.363824024748616,1.0,270.0,2019.0
1,0.487374111114618,1.0,270.0,2019.0
2,0.26772754509368024,1.0,270.0,2019.0
3,0.32221474164695857,1.0,270.0,2019.0
4,0.24978359656889002,1.0,270.0,2019.0
5,0.487374111114618,1.0,270.0,2019.0
6,0.2765944560044473,1.0,270.0,2019.0
0,0.09811191178617999,1.0,302.0,2019.0
1,0.08234245138914745,1.0,302.0,2019.0
2,0.07869715674308975,1.0,302.0,2019.0
3,0.06780889966020434,1.0,302.0,2019.0
4,0.05665653824517998,1.0,302.0,2019.0
5,0.08234245138914745,1.0,302.0,2019.0
6,0.06081445110292913,1.0,302.0,2019.0
0,0.051687275247268356,1.0,35.0,2015.0
1,0.04618345675874761,1.0,35.0,2015.0
2,0.04180389082501369,1.0,35.0,2015.0
3,0.05485371025063946,1.0,35.0,2015.0
4,0.03428773220681131,1.0,35.0,2015.0
5,0.04618345675874761,1.0,35.0,2015.0
6,0.044534210696154125,1.0,35.0,2015.0
0,0.41471731437340825,1.0,51.0,2015.0
1,0.38468988871877413,1.0,51.0,2015.0
2,0.37106036592090524,1.0,51.0,2015.0
3,0.2542405982277437,1.0,51.0,2015.0
4,0.0011267900638882347,1.0,51.0,2015.0
5,0.38468988871877413,1.0,51.0,2015.0
6,0.3441781301936285,1.0,51.0,2015.0
0,0.012440358538567078,1.0,83.0,2015.0
1,0.006180786934020105,1.0,83.0,2015.0
2,0.02244013228014642,1.0,83.0,2015.0
3,5.472101960046435E-4,1.0,83.0,2015.0
4,0.022080092795837076,1.0,83.0,2015.0
5,0.006180786934020105,1.0,83.0,2015.0
6,0.006833838866935065,1.0,83.0,2015.0
0,0.22962111865329876,1.0,99.0,2015.0
1,0.21638993527768538,0.0,99.0,2015.0
2,0.31307275766102627,1.0,99.0,2015.0
3,0.3259586370359668,0.0,99.0,2015.0
4,0.27174874394322623,0.0,99.0,2015.0
5,0.21638993527768538,0.0,99.0,2015.0
6,0.31279102916949136,0.0,99.0,2015.0
0,0.35232610777068757,0.0,115.0,2015.0
1,0.37338772422034955,0.0,115.0,2015.0
2,0.36439778271503975,0.0,115.0,2015.0
3,0.37104086320280333,0.0,115.0,2015.0
4,0.3318669863435294,0.0,115.0,2015.0
5,0.37338772422034955,0.0,115.0,2015.0
6,0.38275745915261083,0.0,115.0,2015.0
0,0.47120358881981433,0.0,131.0,2015.0
1,0.3903183387343379,0.0,131.0,2015.0
2,0.5398920384393036,0.0,131.0,2015.0
3,0.3850168789194877,1.0,131.0,2015.0
4,0.34567600042944385,0.0,131.0,2015.0
5,0.3903183387343379,0.0,131.0,2015.0
6,0.40254730648558806,1.0,131.0,2015.0
0,0.8796432062932823,1.0,147.0,2015.0
1,0.7602080407789574,0.0,147.0,2015.0
2,0.8723398807958913,0.0,147.0,2015.0
3,0.8015082240249224,0.0,147.0,2015.0
4,0.598319008428697,1.0,147.0,2015.0
5,0.7602080407789574,0.0,147.0,2015.0
6,0.8237100486413559,0.0,147.0,2015.0
0,0.08814231059561099,1.0,179.0,2015.0
1,0.11544280455841721,1.0,179.0,2015.0
2,0.12737602809257229,1.0,179.0,2015.0
3,0.10776081965111513,1.0,179.0,2015.0
4,0.09488989005421535,1.0,179.0,2015.0
5,0.11544280455841721,1.0,179.0,2015.0
6,0.10461157370685727,1.0,179.0,2015.0
0,0.02398366448613064,1.0,195.0,2015.0
1,0.0419135617597353,1.0,195.0,2015.0
2,0.027720687696294467,1.0,195.0,2015.0
3,0.0589972578919095,1.0,195.0,2015.0
4,0.275414071598075,1.0,195.0,2015.0
5,0.0419135617597353,1.0,195.0,2015.0
6,0.06696997115419759,1.0,195.0,2015.0
0,0.7332864049628579,1.0,211.0,2015.0
1,0.824275339840879,0.0,211.0,2015.0
2,0.8376746299865682,0.0,211.0,2015.0
3,0.8465002006195957,0.0,211.0,2015.0
4,0.7699886280970629,0.0,211.0,2015.0
5,0.824275339840879,0.0,211.0,2015.0
6,0.8537752152896976,0.0,211.0,2015.0
0,-0.005549636720332385,1.0,227.0,2015.0
1,-0.01772616310131442,1.0,227.0,2015.0
2,-0.011165409012412197,1.0,227.0,2015.0
3,-0.02010538443247036,1.0,227.0,2015.0
4,-0.02543390499787271,1.0,227.0,2015.0
5,-0.01772616310131442,1.0,227.0,2015.0
6,-0.018321295462242235,1.0,227.0,2015.0
0,0.8512688100072953,0.0,243.0,2015.0
1,0.8324796403361012,0.0,243.0,2015.0
2,0.8606391084595542,0.0,243.0,2015.0
3,0.8461890816381938,0.0,243.0,2015.0
4,0.7198395300719199,0.0,243.0,2015.0
5,0.8324796403361012,0.0,243.0,2015.0
6,0.8583245806276918,0.0,243.0,2015.0
0,0.8023377623682649,1.0,259.0,2015.0
1,0.3121377356307122,1.0,259.0,2015.0
2,0.4670954356115711,1.0,259.0,2015.0
3,0.1280585081368458,1.0,259.0,2015.0
4,0.5451924180134494,1.0,259.0,2015.0
5,0.3121377356307122,1.0,259.0,2015.0
6,0.26033992834137315,1.0,259.0,2015.0
0,0.4897126887043546,0.0,307.0,2015.0
1,0.46188322679896154,0.0,307.0,2015.0
2,0.5840337622132972,0.0,307.0,2015.0
3,0.5319086113981261,0.0,307.0,2015.0
4,0.4167564196895937,0.0,307.0,2015.0
5,0.46188322679896154,0.0,307.0,2015.0
6,0.48628600859421345,0.0,307.0,2015.0
0,0.7374771318394322,0.0,323.0,2015.0
1,0.6698196862563324,0.0,323.0,2015.0
2,0.623900505435026,0.0,323.0,2015.0
3,0.6381453009613729,1.0,323.0,2015.0
4,0.3253255973948905,1.0,323.0,2015.0
5,0.6698196862563324,0.0,323.0,2015.0
6,,0.0,323.0,2015.0
0,-0.05374039289195089,0.0,22.0,2016.0
1,-0.04552128291257016,0.0,22.0,2016.0
2,-0.06270095614402699,0.0,22.0,2016.0
3,-0.04094114687841358,0.0,22.0,2016.0
4,-0.059188847328545506,0.0,22.0,2016.0
5,-0.04552128291257016,0.0,22.0,2016.0
6,-0.0583437073887094,0.0,22.0,2016.0
0,0.6224101511318658,1.0,38.0,2016.0
1,0.23745365528114418,1.0,38.0,2016.0
2,0.5642266222908583,1.0,38.0,2016.0
3,0.7130507127712785,1.0,38.0,2016.0
4,0.012353343012909253,1.0,38.0,2016.0
5,0.23745365528114418,1.0,38.0,2016.0
6,0.4559373800160216,1.0,38.0,2016.0
0,0.5207684315414003,0.0,54.0,2016.0
1,0.23225822918691139,0.0,54.0,2016.0
2,0.5665795570213578,0.0,54.0,2016.0
3,0.24622839802954188,0.0,54.0,2016.0
4,-0.006568246195510826,0.0,54.0,2016.0
5,0.23225822918691139,0.0,54.0,2016.0
6,0.29618425203850396,0.0,54.0,2016.0
0,0.23031268438733626,0.0,70.0,2016.0
1,0.019575417857080883,0.0,70.0,2016.0
2,0.1551751953973204,0.0,70.0,2016.0
3,0.14190357585660648,0.0,70.0,2016.0
4,-0.055353817245442125,0.0,70.0,2016.0
5,0.019575417857080883,0.0,70.0,2016.0
6,0.14434018910243987,0.0,70.0,2016.0
0,0.09484295728610401,0.0,86.0,2016.0
1,0.06414133192184368,0.0,86.0,2016.0
2,0.0652642881934111,0.0,86.0,2016.0
3,0.0642287596196176,0.0,86.0,2016.0
4,-0.050136804275756224,0.0,86.0,2016.0
5,0.06414133192184368,0.0,86.0,2016.0
6,0.1372568203443445,0.0,86.0,2016.0
0,0.25878016546658894,0.0,102.0,2016.0
1,0.14647177145869103,0.0,102.0,2016.0
2,0.31075669946378676,0.0,102.0,2016.0
3,0.26577059191550084,0.0,102.0,2016.0
4,0.2968325837716011,0.0,102.0,2016.0
5,0.14647177145869103,0.0,102.0,2016.0
6,0.27887927267839513,0.0,102.0,2016.0
0,0.33050446321426524,1.0,118.0,2016.0
1,0.3133793246990731,1.0,118.0,2016.0
2,0.35553559468261475,1.0,118.0,2016.0
3,0.34142499810532106,1.0,118.0,2016.0
4,0.2848353078842851,1.0,118.0,2016.0
5,0.3133793246990731,1.0,118.0,2016.0
6,0.3311746932889482,1.0,118.0,2016.0
0,0.7790112682954732,0.0,134.0,2016.0
1,0.6405683479169859,0.0,134.0,2016.0
2,0.7950401445995423,0.0,134.0,2016.0
3,0.7495647987741623,0.0,134.0,2016.0
4,0.4919650704963083,0.0,134.0,2016.0
5,0.6405683479169859,0.0,134.0,2016.0
6,0.7252507157432543,0.0,134.0,2016.0
0,0.3662148790932573,1.0,150.0,2016.0
1,0.3124188875796086,1.0,150.0,2016.0
2,0.5084673435211252,1.0,150.0,2016.0
3,0.16833456167951513,1.0,150.0,2016.0
4,0.1587056023032702,1.0,150.0,2016.0
5,0.3124188875796086,1.0,150.0,2016.0
6,0.19013408753243752,1.0,150.0,2016.0
0,0.8874636524440362,0.0,166.0,2016.0
1,0.8413379628134688,0.0,166.0,2016.0
2,0.8880369378006078,0.0,166.0,2016.0
3,0.897136590398162,0.0,166.0,2016.0
4,0.32849223619413237,1.0,166.0,2016.0
5,0.8413379628134688,0.0,166.0,2016.0
6,0.8978249154576567,0.0,166.0,2016.0
0,0.8675422594551256,1.0,198.0,2016.0
1,0.892771052873174,0.0,198.0,2016.0
2,0.9103016876620745,0.0,198.0,2016.0
3,0.8124799773110194,1.0,198.0,2016.0
4,0.8209346656126383,1.0,198.0,2016.0
5,0.892771052873174,0.0,198.0,2016.0
6,0.8659407847733714,0.0,198.0,2016.0
0,0.8690918978291536,0.0,214.0,2016.0
1,0.8526556103772831,0.0,214.0,2016.0
2,0.8733169868479418,0.0,214.0,2016.0
3,0.8459932936454375,0.0,214.0,2016.0
4,0.7038886728123039,1.0,214.0,2016.0
5,0.8526556103772831,0.0,214.0,2016.0
6,0.8353327160838333,0.0,214.0,2016.0
0,0.8765378329985464,0.0,230.0,2016.0
1,0.8614680932853253,0.0,230.0,2016.0
2,0.8918056755068664,0.0,230.0,2016.0
3,0.8533890754764071,1.0,230.0,2016.0
4,0.7844230649848882,0.0,230.0,2016.0
5,0.8614680932853253,0.0,230.0,2016.0
6,0.8316153985352593,0.0,230.0,2016.0
0,0.06775293968699575,1.0,246.0,2016.0
1,0.010995707370824904,1.0,246.0,2016.0
2,0.006843574765916336,1.0,246.0,2016.0
3,0.0722671872098194,1.0,246.0,2016.0
4,0.12207290701365274,1.0,246.0,2016.0
5,0.010995707370824904,1.0,246.0,2016.0
6,-0.004888660841770416,1.0,246.0,2016.0
0,0.01057625745508166,1.0,262.0,2016.0
1,0.0991523345121642,1.0,262.0,2016.0
2,0.05301544262010752,1.0,262.0,2016.0
3,0.5105885830056592,1.0,262.0,2016.0
4,0.006463342036524475,1.0,262.0,2016.0
5,0.0991523345121642,1.0,262.0,2016.0
6,0.1094532167855544,1.0,262.0,2016.0
0,0.39365087315796593,1.0,294.0,2016.0
1,0.21688582021028974,1.0,294.0,2016.0
2,0.3385017312218705,1.0,294.0,2016.0
3,0.1269963118422394,1.0,294.0,2016.0
4,0.08493900214739274,1.0,294.0,2016.0
5,0.21688582021028974,1.0,294.0,2016.0
6,0.12231869779659539,1.0,294.0,2016.0
0,0.6970930145874737,0.0,24.0,2017.0
1,,0.0,24.0,2017.0
2,0.5673551377980652,0.0,24.0,2017.0
3,0.7993280174110434,0.0,24.0,2017.0
4,-0.014948649067244888,0.0,24.0,2017.0
5,,0.0,24.0,2017.0
6,,0.0,24.0,2017.0
0,0.0525031480870513,0.0,40.0,2017.0
1,0.04659994373308472,0.0,40.0,2017.0
2,0.06481523024414905,0.0,40.0,2017.0
3,0.055771043889847924,0.0,40.0,2017.0
4,0.040433366893925016,0.0,40.0,2017.0
5,0.04659994373308472,0.0,40.0,2017.0
6,0.038425064629649355,0.0,40.0,2017.0
0,0.38858978061695076,1.0,56.0,2017.0
1,,1.0,56.0,2017.0
2,0.38893061434583076,1.0,56.0,2017.0
3,0.18922974910719656,1.0,56.0,2017.0
4,0.044418376939959904,1.0,56.0,2017.0
5,,1.0,56.0,2017.0
6,0.19171317334712196,1.0,56.0,2017.0
0,0.3255996328690472,0.0,72.0,2017.0
1,0.17939437855119103,0.0,72.0,2017.0
2,0.21823460569885023,0.0,72.0,2017.0
3,0.18562780536983606,0.0,72.0,2017.0
4,-0.019109188337852297,0.0,72.0,2017.0
5,0.17939437855119103,0.0,72.0,2017.0
6,0.21544216926777401,0.0,72.0,2017.0
0,0.010927944967973008,1.0,88.0,2017.0
1,0.00939604594908301,1.0,88.0,2017.0
2,0.007797635557058819,1.0,88.0,2017.0
3,0.007683173902312677,1.0,88.0,2017.0
4,0.008259460882569588,1.0,88.0,2017.0
5,0.00939604594908301,1.0,88.0,2017.0
6,0.012665902662594344,1.0,88.0,2017.0
0,-0.014111999575065157,1.0,120.0,2017.0
1,-0.007583668915197628,1.0,120.0,2017.0
2,-0.0188705423697215,1.0,120.0,2017.0
3,-0.003701857510988606,1.0,120.0,2017.0
4,-0.002358938864485228,1.0,120.0,2017.0
5,-0.007583668915197628,1.0,120.0,2017.0
6,-0.011558842226821605,1.0,120.0,2017.0
0,0.6440356222673227,0.0,136.0,2017.0
1,0.5650563170061779,0.0,136.0,2017.0
2,0.699578768896355,0.0,136.0,2017.0
3,0.5555207723241475,0.0,136.0,2017.0
4,0.3984000322892701,0.0,136.0,2017.0
5,0.5650563170061779,0.0,136.0,2017.0
6,0.5571953941889913,0.0,136.0,2017.0
0,-0.008316640304061004,1.0,152.0,2017.0
1,0.0026623788605387292,1.0,152.0,2017.0
2,-4.503054908797657E-4,1.0,152.0,2017.0
3,-0.006139258204743626,1.0,152.0,2017.0
4,-0.007417620421715175,1.0,152.0,2017.0
5,0.0026623788605387292,1.0,152.0,2017.0
6,-5.834347241596031E-4,1.0,152.0,2017.0
0,0.009814105344594355,1.0,168.0,2017.0
1,0.03794629114432159,1.0,168.0,2017.0
2,0.036748247588886125,1.0,168.0,2017.0
3,0.0503288139807777,1.0,168.0,2017.0
4,0.04052381151206437,1.0,168.0,2017.0
5,0.03794629114432159,1.0,168.0,2017.0
6,0.055058340295693564,1.0,168.0,2017.0
0,0.8882517403005733,0.0,184.0,2017.0
1,0.8920267174281139,0.0,184.0,2017.0
2,0.8708696513313173,0.0,184.0,2017.0
3,0.8932780202815732,0.0,184.0,2017.0
4,0.8370416218704853,0.0,184.0,2017.0
5,0.8920267174281139,0.0,184.0,2017.0
6,0.8874764474568667,0.0,184.0,2017.0
0,0.0013929380937777467,1.0,200.0,2017.0
1,0.018193926747772052,1.0,200.0,2017.0
2,0.048513619644783235,1.0,200.0,2017.0
3,0.04082215823999561,1.0,200.0,2017.0
4,0.012881367151330168,1.0,200.0,2017.0
5,0.018193926747772052,1.0,200.0,2017.0
6,0.0117786781774311,1.0,200.0,2017.0
0,0.838807634337407,0.0,232.0,2017.0
1,0.8489947588550317,0.0,232.0,2017.0
2,0.8190412095871517,0.0,232.0,2017.0
3,0.8380940600512787,0.0,232.0,2017.0
4,0.7392442589582702,0.0,232.0,2017.0
5,0.8489947588550317,0.0,232.0,2017.0
6,0.8263160433848024,0.0,232.0,2017.0
0,0.8178759671348704,0.0,248.0,2017.0
1,0.8138789077195046,0.0,248.0,2017.0
2,0.8072351462445597,0.0,248.0,2017.0
3,0.7948788146645213,0.0,248.0,2017.0
4,0.7233444830205443,0.0,248.0,2017.0
5,0.8138789077195046,0.0,248.0,2017.0
6,0.8016924276113568,0.0,248.0,2017.0
0,0.5521235570967647,1.0,296.0,2017.0
1,0.49041491533675496,1.0,296.0,2017.0
2,0.4781208755731434,1.0,296.0,2017.0
3,0.4887038516061171,1.0,296.0,2017.0
4,0.4480635027385914,1.0,296.0,2017.0
5,0.49041491533675496,1.0,296.0,2017.0
6,0.5003505641945817,1.0,296.0,2017.0
0,,0.0,312.0,2017.0
1,0.4650962013915079,0.0,312.0,2017.0
2,0.7897124156642803,0.0,312.0,2017.0
3,0.9552976419158377,0.0,312.0,2017.0
4,0.04875359178124819,0.0,312.0,2017.0
5,0.4650962013915079,0.0,312.0,2017.0
6,,0.0,312.0,2017.0
0,0.7606268901850504,1.0,328.0,2017.0
1,0.17643508587306303,0.0,328.0,2017.0
2,0.9249928193955992,0.0,328.0,2017.0
3,0.6933505885195513,0.0,328.0,2017.0
4,0.17607389274799853,0.0,328.0,2017.0
5,0.17643508587306303,0.0,328.0,2017.0
6,,0.0,328.0,2017.0
0,-1.8603612165240196E-4,0.0,27.0,2018.0
1,-0.005920014750187038,0.0,27.0,2018.0
2,-0.005331656860863805,0.0,27.0,2018.0
3,-0.0041842227579871345,0.0,27.0,2018.0
4,-0.004123409430200174,0.0,27.0,2018.0
5,-0.005920014750187038,0.0,27.0,2018.0
6,-0.005256194488476997,0.0,27.0,2018.0
0,0.44513439583188164,0.0,59.0,2018.0
1,0.29199600606027976,0.0,59.0,2018.0
2,0.4226400763140951,0.0,59.0,2018.0
3,0.2421500008018638,0.0,59.0,2018.0
4,-0.020266935681606677,0.0,59.0,2018.0
5,0.29199600606027976,0.0,59.0,2018.0
6,0.4024324865487471,0.0,59.0,2018.0
0,0.03850497994823803,1.0,91.0,2018.0
1,0.04651410189959256,1.0,91.0,2018.0
2,0.04684250874865404,1.0,91.0,2018.0
3,0.08765090752302532,0.0,91.0,2018.0
4,-0.007232605882196472,0.0,91.0,2018.0
5,0.04651410189959256,1.0,91.0,2018.0
6,0.11072508855926182,0.0,91.0,2018.0
0,0.09179271716016342,0.0,107.0,2018.0
1,0.0653818775717078,0.0,107.0,2018.0
2,0.07148868630776896,0.0,107.0,2018.0
3,0.041572996055526855,0.0,107.0,2018.0
4,-0.016619750161711484,0.0,107.0,2018.0
5,0.0653818775717078,0.0,107.0,2018.0
6,0.08384566869263457,0.0,107.0,2018.0
0,-3.4292533214767883E-4,1.0,123.0,2018.0
1,0.4027823246898142,0.0,123.0,2018.0
2,0.4055586873039395,0.0,123.0,2018.0
3,0.40477671664744147,0.0,123.0,2018.0
4,0.33157763829260434,0.0,123.0,2018.0
5,0.4027823246898142,0.0,123.0,2018.0
6,0.4122780984730956,0.0,123.0,2018.0
0,0.7829178139129686,0.0,139.0,2018.0
1,0.6602125895153982,0.0,139.0,2018.0
2,0.7865155948052269,0.0,139.0,2018.0
3,0.7501678225290663,0.0,139.0,2018.0
4,0.4814276256296793,0.0,139.0,2018.0
5,0.6602125895153982,0.0,139.0,2018.0
6,0.7235563996969988,0.0,139.0,2018.0
0,0.6780977966381733,0.0,155.0,2018.0
1,0.7354167558235712,0.0,155.0,2018.0
2,0.7911548837713092,0.0,155.0,2018.0
3,0.8346836009899643,0.0,155.0,2018.0
4,0.7197681480536424,0.0,155.0,2018.0
5,0.7354167558235712,0.0,155.0,2018.0
6,0.8597954673691472,0.0,155.0,2018.0
0,0.4767577206787955,0.0,171.0,2018.0
1,0.6530467844572144,0.0,171.0,2018.0
2,0.7043227333600068,0.0,171.0,2018.0
3,0.7524111963172697,0.0,171.0,2018.0
4,0.7251449663035048,0.0,171.0,2018.0
5,0.6530467844572144,0.0,171.0,2018.0
6,0.7174893960049848,0.0,171.0,2018.0
0,0.5836431735265188,1.0,187.0,2018.0
1,0.42431747330667724,1.0,187.0,2018.0
2,0.6031025785547938,1.0,187.0,2018.0
3,0.5870785110463496,1.0,187.0,2018.0
4,0.8049226297632721,1.0,187.0,2018.0
5,0.42431747330667724,1.0,187.0,2018.0
6,0.0932724876821278,1.0,187.0,2018.0
0,0.8436336582578721,1.0,203.0,2018.0
1,0.8031249659613134,0.0,203.0,2018.0
2,0.7950846646391758,0.0,203.0,2018.0
3,0.8243130219016795,0.0,203.0,2018.0
4,0.6680147813946461,1.0,203.0,2018.0
5,0.8031249659613134,0.0,203.0,2018.0
6,0.8427274387168262,0.0,203.0,2018.0
0,0.8488365120432124,0.0,219.0,2018.0
1,0.8369988265088321,0.0,219.0,2018.0
2,0.8292068942994505,0.0,219.0,2018.0
3,0.8428962129631703,0.0,219.0,2018.0
4,0.7815951547539457,0.0,219.0,2018.0
5,0.8369988265088321,0.0,219.0,2018.0
6,0.8628590073808838,0.0,219.0,2018.0
0,-0.0033389246981072214,1.0,251.0,2018.0
1,-0.007314351365001645,1.0,251.0,2018.0
2,-0.007797431917205048,1.0,251.0,2018.0
3,-0.0033486718052612753,1.0,251.0,2018.0
4,0.0016740824748791387,1.0,251.0,2018.0
5,-0.007314351365001645,1.0,251.0,2018.0
6,-0.004062212843947555,1.0,251.0,2018.0
0,0.6079049922817606,0.0,267.0,2018.0
1,0.6718494279124069,0.0,267.0,2018.0
2,0.7096890983848749,0.0,267.0,2018.0
3,0.6695689513428196,0.0,267.0,2018.0
4,0.6158780100349845,0.0,267.0,2018.0
5,0.6718494279124069,0.0,267.0,2018.0
6,0.6677534522894274,0.0,267.0,2018.0
0,0.4512425893879186,0.0,299.0,2018.0
1,0.4274651763035439,0.0,299.0,2018.0
2,0.4577058063374498,0.0,299.0,2018.0
3,0.45046110727412075,0.0,299.0,2018.0
4,0.40014580836367286,0.0,299.0,2018.0
5,0.4274651763035439,0.0,299.0,2018.0
6,0.4639063502376083,0.0,299.0,2018.0
0,-0.012344709885003122,1.0,331.0,2018.0
1,-0.004684824392206114,1.0,331.0,2018.0
2,-0.01040241500644478,1.0,331.0,2018.0
3,9.791419275758982E-4,1.0,331.0,2018.0
4,0.001891972007062675,1.0,331.0,2018.0
5,-0.004684824392206114,1.0,331.0,2018.0
6,-3.619106395046408E-4,1.0,331.0,2018.0
0,,0.0,14.0,2019.0
1,,0.0,14.0,2019.0
2,,0.0,14.0,2019.0
3,,0.0,14.0,2019.0
4,-0.044126071889883406,0.0,14.0,2019.0
5,,0.0,14.0,2019.0
6,,0.0,14.0,2019.0
0,-0.00504192864698881,1.0,30.0,2019.0
1,-0.003979815436440076,1.0,30.0,2019.0
2,-0.005754184007194224,1.0,30.0,2019.0
3,-0.006408244095605653,1.0,30.0,2019.0
4,-0.006662161106356579,1.0,30.0,2019.0
5,-0.003979815436440076,1.0,30.0,2019.0
6,-0.008238638282335503,1.0,30.0,2019.0
0,0.09934758365063062,1.0,46.0,2019.0
1,0.026467176665744687,1.0,46.0,2019.0
2,0.0812379565232617,1.0,46.0,2019.0
3,0.08464416974502194,1.0,46.0,2019.0
4,-0.02441966948790477,1.0,46.0,2019.0
5,0.026467176665744687,1.0,46.0,2019.0
6,0.07286441881006318,1.0,46.0,2019.0
0,0.2886991168101286,0.0,62.0,2019.0
1,0.1199072328505076,0.0,62.0,2019.0
2,0.22931382151627483,0.0,62.0,2019.0
3,0.15022573324517094,0.0,62.0,2019.0
4,-0.018224916796424333,0.0,62.0,2019.0
5,0.1199072328505076,0.0,62.0,2019.0
6,0.15282069022250833,0.0,62.0,2019.0
0,0.25019103427185746,0.0,78.0,2019.0
1,0.1435963505417371,0.0,78.0,2019.0
2,0.19759155970741088,0.0,78.0,2019.0
3,0.11567469290787409,0.0,78.0,2019.0
4,-0.07518397649261493,0.0,78.0,2019.0
5,0.1435963505417371,0.0,78.0,2019.0
6,0.18711138455641957,0.0,78.0,2019.0
0,0.05650906498891562,1.0,94.0,2019.0
1,0.06406700751301445,1.0,94.0,2019.0
2,0.11758560145880269,1.0,94.0,2019.0
3,0.0916815518368772,1.0,94.0,2019.0
4,0.12625460480901368,1.0,94.0,2019.0
5,0.06406700751301445,1.0,94.0,2019.0
6,0.07771496161338781,1.0,94.0,2019.0
0,0.37649186193966094,0.0,110.0,2019.0
1,0.3736080599248543,0.0,110.0,2019.0
2,0.37551791026622605,0.0,110.0,2019.0
3,0.382531095799711,1.0,110.0,2019.0
4,0.3111119316732128,0.0,110.0,2019.0
5,0.3736080599248543,0.0,110.0,2019.0
6,0.3162378098387065,1.0,110.0,2019.0
0,0.36687163397702,0.0,126.0,2019.0
1,0.3829022209458716,0.0,126.0,2019.0
2,0.36999311443306876,0.0,126.0,2019.0
3,0.3766363371220406,0.0,126.0,2019.0
4,0.31995898833139025,0.0,126.0,2019.0
5,0.3829022209458716,0.0,126.0,2019.0
6,0.39802802355271927,0.0,126.0,2019.0
0,0.08664180392917793,1.0,142.0,2019.0
1,0.062468506853986513,1.0,142.0,2019.0
2,0.08012826255479162,1.0,142.0,2019.0
3,0.04652654624711697,1.0,142.0,2019.0
4,0.03336361075018776,1.0,142.0,2019.0
5,0.062468506853986513,1.0,142.0,2019.0
6,0.05553776736440859,1.0,142.0,2019.0
0,0.004651269546423152,1.0,158.0,2019.0
1,0.008953545543548047,1.0,158.0,2019.0
2,0.0017177484143285548,1.0,158.0,2019.0
3,0.1866081085920917,1.0,158.0,2019.0
4,0.07421740160976407,1.0,158.0,2019.0
5,0.008953545543548047,1.0,158.0,2019.0
6,0.06622112901776817,1.0,158.0,2019.0
0,0.45368649450836246,1.0,174.0,2019.0
1,0.15522999275121108,1.0,174.0,2019.0
2,0.1564019383732721,1.0,174.0,2019.0
3,0.12268656083443363,1.0,174.0,2019.0
4,0.0819147351439411,1.0,174.0,2019.0
5,0.15522999275121108,1.0,174.0,2019.0
6,0.10175818475497309,1.0,174.0,2019.0
0,0.08467432958297245,1.0,190.0,2019.0
1,0.09325512962951851,1.0,190.0,2019.0
2,0.11189484769109881,1.0,190.0,2019.0
3,0.09619332385799378,1.0,190.0,2019.0
4,0.09083485824096778,1.0,190.0,2019.0
5,0.09325512962951851,1.0,190.0,2019.0
6,0.0884694818188534,1.0,190.0,2019.0
0,0.8646058262051115,0.0,206.0,2019.0
1,0.8526026595802043,0.0,206.0,2019.0
2,0.8818054246812219,0.0,206.0,2019.0
3,0.8616996355590023,0.0,206.0,2019.0
4,0.8191489305257914,0.0,206.0,2019.0
5,0.8526026595802043,0.0,206.0,2019.0
6,0.8650643643292462,0.0,206.0,2019.0
0,0.7186529966859837,1.0,222.0,2019.0
1,0.7189229254684132,1.0,222.0,2019.0
2,0.6274845085604804,1.0,222.0,2019.0
3,0.6152020003905515,1.0,222.0,2019.0
4,0.4907542307889446,1.0,222.0,2019.0
5,0.7189229254684132,1.0,222.0,2019.0
6,0.5535174187740814,1.0,222.0,2019.0
0,0.6147296275761713,1.0,238.0,2019.0
1,0.16708659408458756,1.0,238.0,2019.0
2,0.22597249539461328,1.0,238.0,2019.0
3,0.05948546335957253,1.0,238.0,2019.0
4,0.07271084103734853,1.0,238.0,2019.0
5,0.16708659408458756,1.0,238.0,2019.0
6,0.08184294467360623,1.0,238.0,2019.0
0,0.7309261111210527,0.0,254.0,2019.0
1,0.7302991319984092,0.0,254.0,2019.0
2,0.809761317963453,0.0,254.0,2019.0
3,0.7382041711102405,0.0,254.0,2019.0
4,0.6735758016858776,0.0,254.0,2019.0
5,0.7302991319984092,0.0,254.0,2019.0
6,0.7555091480127636,0.0,254.0,2019.0
0,0.09882587256887723,1.0,302.0,2019.0
1,0.08347510439978574,1.0,302.0,2019.0
2,0.07960458666336173,1.0,302.0,2019.0
3,0.0685372689281534,1.0,302.0,2019.0
4,0.055790840536330356,1.0,302.0,2019.0
5,0.08347510439978574,1.0,302.0,2019.0
6,0.06177999080889118,1.0,302.0,2019.0
0,0.5148764980631939,1.0,334.0,2019.0
1,0.04520371060673381,0.0,334.0,2019.0
2,0.4405091516614151,0.0,334.0,2019.0
3,0.08567768782091018,0.0,334.0,2019.0
4,0.09806409167797267,0.0,334.0,2019.0
5,0.04520371060673381,0.0,334.0,2019.0
6,0.31429060393107916,0.0,334.0,2019.0
0,0.8864229166808726,0.0,42.0,2015.0
1,0.2882466491527776,0.0,42.0,2015.0
2,,0.0,42.0,2015.0
3,0.49904121250662986,0.0,42.0,2015.0
4,0.02252909275355467,0.0,42.0,2015.0
5,0.2882466491527776,0.0,42.0,2015.0
6,0.4510822476721881,0.0,42.0,2015.0
0,0.07469720588911019,0.0,58.0,2015.0
1,0.033806098454949966,0.0,58.0,2015.0
2,0.06431248243747775,0.0,58.0,2015.0
3,0.07932958480650627,0.0,58.0,2015.0
4,0.018210434897171914,0.0,58.0,2015.0
5,0.033806098454949966,0.0,58.0,2015.0
6,0.08363306665468472,0.0,58.0,2015.0
0,0.26364567417539997,0.0,74.0,2015.0
1,0.1860905665225388,0.0,74.0,2015.0
2,0.16436924476812015,0.0,74.0,2015.0
3,0.05629086334645389,0.0,74.0,2015.0
4,-0.006651562532703935,0.0,74.0,2015.0
5,0.1860905665225388,0.0,74.0,2015.0
6,0.1661249063080591,0.0,74.0,2015.0
0,0.09885171128472253,1.0,106.0,2015.0
1,0.0983140706529488,1.0,106.0,2015.0
2,0.11128357984239488,1.0,106.0,2015.0
3,0.0957067312016674,1.0,106.0,2015.0
4,0.1033247597892811,1.0,106.0,2015.0
5,0.0983140706529488,1.0,106.0,2015.0
6,0.04852761229867415,1.0,106.0,2015.0
0,0.41568703265939316,1.0,122.0,2015.0
1,0.08251089537327698,1.0,122.0,2015.0
2,0.41886033963237895,1.0,122.0,2015.0
3,0.025285850306988523,1.0,122.0,2015.0
4,0.04147925005156692,1.0,122.0,2015.0
5,0.08251089537327698,1.0,122.0,2015.0
6,0.05662745716365396,1.0,122.0,2015.0
0,0.5831600757500452,0.0,138.0,2015.0
1,0.4978795459251991,0.0,138.0,2015.0
2,0.6755620645723321,0.0,138.0,2015.0
3,0.5408013816831263,0.0,138.0,2015.0
4,0.382475364066807,0.0,138.0,2015.0
5,0.4978795459251991,0.0,138.0,2015.0
6,0.5817614311546524,0.0,138.0,2015.0
0,0.7612956330576058,1.0,154.0,2015.0
1,0.6403924177559953,1.0,154.0,2015.0
2,0.6673049879076458,1.0,154.0,2015.0
3,0.3932889891074471,1.0,154.0,2015.0
4,0.338019811920806,1.0,154.0,2015.0
5,0.6403924177559953,1.0,154.0,2015.0
6,0.5463553180278604,1.0,154.0,2015.0
0,-0.013657730104080015,1.0,170.0,2015.0
1,-0.011702959225257346,1.0,170.0,2015.0
2,-0.013465995122076212,1.0,170.0,2015.0
3,-0.012035902719468253,1.0,170.0,2015.0
4,-0.011986815846732559,1.0,170.0,2015.0
5,-0.011702959225257346,1.0,170.0,2015.0
6,-0.012502328999161233,1.0,170.0,2015.0
0,0.413797865961448,1.0,186.0,2015.0
1,0.35493599222806643,1.0,186.0,2015.0
2,0.39215139670731386,1.0,186.0,2015.0
3,0.34789133787201937,1.0,186.0,2015.0
4,0.282532279110284,1.0,186.0,2015.0
5,0.35493599222806643,1.0,186.0,2015.0
6,0.35368334230535525,1.0,186.0,2015.0
0,0.20559681919858958,1.0,202.0,2015.0
1,0.22121022044727584,1.0,202.0,2015.0
2,0.2113576532934378,1.0,202.0,2015.0
3,0.22242651939971536,1.0,202.0,2015.0
4,0.21291722832996535,1.0,202.0,2015.0
5,0.22121022044727584,1.0,202.0,2015.0
6,0.2166879109200093,1.0,202.0,2015.0
0,0.11191894620273704,1.0,218.0,2015.0
1,0.01516737794106748,1.0,218.0,2015.0
2,0.07381955880640996,1.0,218.0,2015.0
3,0.02231028180809906,1.0,218.0,2015.0
4,0.0169130268755654,1.0,218.0,2015.0
5,0.01516737794106748,1.0,218.0,2015.0
6,0.014047449868627195,1.0,218.0,2015.0
0,0.8859270660858453,0.0,234.0,2015.0
1,0.8775948002555994,0.0,234.0,2015.0
2,0.903313368730182,0.0,234.0,2015.0
3,0.8930783217570267,0.0,234.0,2015.0
4,0.7827066474775519,0.0,234.0,2015.0
5,0.8775948002555994,0.0,234.0,2015.0
6,0.8976383084885784,0.0,234.0,2015.0
0,0.864178665399179,0.0,250.0,2015.0
1,0.7890378715683389,0.0,250.0,2015.0
2,0.8773486459124608,0.0,250.0,2015.0
3,0.8461083247731691,0.0,250.0,2015.0
4,0.7422641624697471,0.0,250.0,2015.0
5,0.7890378715683389,0.0,250.0,2015.0
6,0.8672047073152837,0.0,250.0,2015.0
0,0.4858361220739862,1.0,266.0,2015.0
1,0.4532230548276313,1.0,266.0,2015.0
2,0.5140125460429427,1.0,266.0,2015.0
3,0.503701149397663,1.0,266.0,2015.0
4,0.4289530708473657,1.0,266.0,2015.0
5,0.4532230548276313,1.0,266.0,2015.0
6,0.470155375728169,1.0,266.0,2015.0
0,0.23408886031323212,1.0,282.0,2015.0
1,0.231945563061404,1.0,282.0,2015.0
2,0.19781648168191693,1.0,282.0,2015.0
3,0.19816194657463226,1.0,282.0,2015.0
4,0.21027975519476952,1.0,282.0,2015.0
5,0.231945563061404,1.0,282.0,2015.0
6,0.23091216004583354,1.0,282.0,2015.0
0,0.37873888044055054,1.0,298.0,2015.0
1,0.4246230581882329,1.0,298.0,2015.0
2,0.42276758629632777,1.0,298.0,2015.0
3,0.29798479939121797,1.0,298.0,2015.0
4,0.3711198812530226,1.0,298.0,2015.0
5,0.4246230581882329,1.0,298.0,2015.0
6,0.2681814486872293,1.0,298.0,2015.0
0,,0.0,29.0,2016.0
1,0.21203244404035115,0.0,29.0,2016.0
2,,0.0,29.0,2016.0
3,0.9247690545885215,0.0,29.0,2016.0
4,-0.0341913312919999,0.0,29.0,2016.0
5,0.21203244404035115,0.0,29.0,2016.0
6,0.9742046416666161,0.0,29.0,2016.0
0,0.10031607254749031,1.0,61.0,2016.0
1,-0.014049232527111063,1.0,61.0,2016.0
2,0.07107121573827724,1.0,61.0,2016.0
3,0.0799501256776997,1.0,61.0,2016.0
4,-0.02028661280207387,1.0,61.0,2016.0
5,-0.014049232527111063,1.0,61.0,2016.0
6,0.0803463243944229,1.0,61.0,2016.0
0,-0.0014617058317265097,1.0,77.0,2016.0
1,-0.006472249554583867,1.0,77.0,2016.0
2,-0.005221800897886669,1.0,77.0,2016.0
3,0.004367241124532329,1.0,77.0,2016.0
4,-0.017916966758296533,1.0,77.0,2016.0
5,-0.006472249554583867,1.0,77.0,2016.0
6,-0.011269921883619645,1.0,77.0,2016.0
0,0.38962926415983096,0.0,109.0,2016.0
1,0.34980129944872024,0.0,109.0,2016.0
2,0.3829053793178535,0.0,109.0,2016.0
3,0.39495381964237214,0.0,109.0,2016.0
4,0.3019654104859363,0.0,109.0,2016.0
5,0.34980129944872024,0.0,109.0,2016.0
6,0.40284888107376177,0.0,109.0,2016.0
0,0.3796759570476748,1.0,125.0,2016.0
1,0.383236656106779,1.0,125.0,2016.0
2,0.4865607476298886,1.0,125.0,2016.0
3,0.39585237388067224,1.0,125.0,2016.0
4,0.4049958915784175,1.0,125.0,2016.0
5,0.383236656106779,1.0,125.0,2016.0
6,0.4290730936471973,1.0,125.0,2016.0
0,0.867053680196874,0.0,157.0,2016.0
1,0.8032309651085059,0.0,157.0,2016.0
2,0.8650544282019091,0.0,157.0,2016.0
3,0.8767835833196572,0.0,157.0,2016.0
4,0.7284194906108633,0.0,157.0,2016.0
5,0.8032309651085059,0.0,157.0,2016.0
6,0.8703485227308315,0.0,157.0,2016.0
0,0.7076419701800806,1.0,173.0,2016.0
1,0.8642879443343131,0.0,173.0,2016.0
2,0.88926854335156,1.0,173.0,2016.0
3,0.8959724126296553,0.0,173.0,2016.0
4,0.8285670601599334,0.0,173.0,2016.0
5,0.8642879443343131,0.0,173.0,2016.0
6,0.9007186460071189,0.0,173.0,2016.0
0,0.8635308483594903,0.0,189.0,2016.0
1,0.8446493259511041,0.0,189.0,2016.0
2,0.8526073903806968,0.0,189.0,2016.0
3,0.8485605668893578,0.0,189.0,2016.0
4,0.7308171919040785,1.0,189.0,2016.0
5,0.8446493259511041,0.0,189.0,2016.0
6,0.8474752488628412,0.0,189.0,2016.0
0,0.8946586534679164,0.0,205.0,2016.0
1,0.8912663990703762,0.0,205.0,2016.0
2,0.9021858557628711,0.0,205.0,2016.0
3,0.872691950305512,0.0,205.0,2016.0
4,0.8028301628803383,0.0,205.0,2016.0
5,0.8912663990703762,0.0,205.0,2016.0
6,0.8713312911199471,0.0,205.0,2016.0
0,0.6331405243132797,1.0,221.0,2016.0
1,0.28218621534315713,1.0,221.0,2016.0
2,0.336416017445742,1.0,221.0,2016.0
3,0.38329581620815273,1.0,221.0,2016.0
4,0.24098878923169384,1.0,221.0,2016.0
5,0.28218621534315713,1.0,221.0,2016.0
6,0.23682602893191398,1.0,221.0,2016.0
0,0.029071038091134548,1.0,237.0,2016.0
1,0.8180389811117209,1.0,237.0,2016.0
2,0.1144347851651896,1.0,237.0,2016.0
3,0.8046167109683454,1.0,237.0,2016.0
4,0.5751337993542578,1.0,237.0,2016.0
5,0.8180389811117209,1.0,237.0,2016.0
6,0.804095736696999,1.0,237.0,2016.0
0,0.757582063373219,0.0,253.0,2016.0
1,0.7726236527790642,0.0,253.0,2016.0
2,0.8314646017506522,0.0,253.0,2016.0
3,0.6624525013526414,0.0,253.0,2016.0
4,0.6554545228893813,0.0,253.0,2016.0
5,0.7726236527790642,0.0,253.0,2016.0
6,0.7054097154108928,0.0,253.0,2016.0
0,0.4549265251872077,0.0,269.0,2016.0
1,0.5333797272293666,0.0,269.0,2016.0
2,0.45749869962548806,0.0,269.0,2016.0
3,0.49469737983450573,0.0,269.0,2016.0
4,0.5085327691618777,0.0,269.0,2016.0
5,0.5333797272293666,0.0,269.0,2016.0
6,0.49781299923826033,0.0,269.0,2016.0
0,0.020664610109074267,1.0,285.0,2016.0
1,,1.0,285.0,2016.0
2,-0.007555865603395834,1.0,285.0,2016.0
3,,1.0,285.0,2016.0
4,,1.0,285.0,2016.0
5,,1.0,285.0,2016.0
6,,1.0,285.0,2016.0
0,0.6278550580125974,1.0,317.0,2016.0
1,0.4578540254733282,1.0,317.0,2016.0
2,0.4201531693446776,1.0,317.0,2016.0
3,0.49362267702718476,1.0,317.0,2016.0
4,0.07677742549510877,1.0,317.0,2016.0
5,0.4578540254733282,1.0,317.0,2016.0
6,0.2293590181865315,1.0,317.0,2016.0
0,,0.0,31.0,2017.0
1,0.7382983706641839,0.0,31.0,2017.0
2,,0.0,31.0,2017.0
3,0.6518654231493899,0.0,31.0,2017.0
4,-0.010023297479031013,0.0,31.0,2017.0
5,0.7382983706641839,0.0,31.0,2017.0
6,0.7327354869853409,0.0,31.0,2017.0
0,0.024371845221803527,1.0,63.0,2017.0
1,0.013017525295505913,1.0,63.0,2017.0
2,0.01166885439679271,1.0,63.0,2017.0
3,0.02541914421869809,1.0,63.0,2017.0
4,0.02341288265552348,1.0,63.0,2017.0
5,0.013017525295505913,1.0,63.0,2017.0
6,0.013097805026279122,1.0,63.0,2017.0
0,0.2882609980274976,0.0,79.0,2017.0
1,0.17123845707623087,0.0,79.0,2017.0
2,0.1834262186467069,0.0,79.0,2017.0
3,0.09447841137054439,0.0,79.0,2017.0
4,-0.050319740274077596,0.0,79.0,2017.0
5,0.17123845707623087,0.0,79.0,2017.0
6,0.1290724669543677,0.0,79.0,2017.0
0,0.3629706579787641,0.0,95.0,2017.0
1,0.20291377742734348,0.0,95.0,2017.0
2,0.3524525083444735,0.0,95.0,2017.0
3,0.33056821882404347,0.0,95.0,2017.0
4,0.2571473645784224,0.0,95.0,2017.0
5,0.20291377742734348,0.0,95.0,2017.0
6,0.31631707998307085,0.0,95.0,2017.0
0,,1.0,111.0,2017.0
1,0.7258403545868096,1.0,111.0,2017.0
2,0.9171964427342691,1.0,111.0,2017.0
3,0.7150331928272772,1.0,111.0,2017.0
4,0.20179052151324237,1.0,111.0,2017.0
5,0.7258403545868096,1.0,111.0,2017.0
6,0.5867935857003359,1.0,111.0,2017.0
0,0.9711529637219305,1.0,127.0,2017.0
1,0.35706195483846803,1.0,127.0,2017.0
2,0.42539534548684754,1.0,127.0,2017.0
3,0.25857116952625336,1.0,127.0,2017.0
4,0.40088822987061296,1.0,127.0,2017.0
5,0.35706195483846803,1.0,127.0,2017.0
6,0.19845359465585058,1.0,127.0,2017.0
0,0.03293778448402977,1.0,143.0,2017.0
1,0.0014764061450872413,1.0,143.0,2017.0
2,-0.00547551342363322,1.0,143.0,2017.0
3,0.005833528998959974,1.0,143.0,2017.0
4,-0.0010939524146247569,1.0,143.0,2017.0
5,0.0014764061450872413,1.0,143.0,2017.0
6,0.004045553940881592,1.0,143.0,2017.0
0,0.8873017072176868,0.0,175.0,2017.0
1,0.8840705818919169,0.0,175.0,2017.0
2,0.8650957795361583,0.0,175.0,2017.0
3,0.8820394607553506,0.0,175.0,2017.0
4,0.8135443722113667,0.0,175.0,2017.0
5,0.8840705818919169,0.0,175.0,2017.0
6,0.8696488279963756,0.0,175.0,2017.0
0,-0.012938263354988589,1.0,191.0,2017.0
1,-0.011525317683769517,1.0,191.0,2017.0
2,-0.013569023133754339,1.0,191.0,2017.0
3,-0.007470025440451419,1.0,191.0,2017.0
4,-0.00742434108040661,1.0,191.0,2017.0
5,-0.011525317683769517,1.0,191.0,2017.0
6,-0.008089625718477697,1.0,191.0,2017.0
0,0.8460612677881123,0.0,207.0,2017.0
1,0.8561705913767307,0.0,207.0,2017.0
2,0.8364871307023609,0.0,207.0,2017.0
3,0.8543906173372149,0.0,207.0,2017.0
4,0.8108826165896305,0.0,207.0,2017.0
5,0.8561705913767307,0.0,207.0,2017.0
6,0.8631293826682479,0.0,207.0,2017.0
0,0.8674983549437042,0.0,223.0,2017.0
1,0.876369115484697,0.0,223.0,2017.0
2,0.853483577168326,0.0,223.0,2017.0
3,0.871661606538934,0.0,223.0,2017.0
4,0.8088887751148387,0.0,223.0,2017.0
5,0.876369115484697,0.0,223.0,2017.0
6,0.8559860002600841,0.0,223.0,2017.0
0,0.6687707839157807,1.0,239.0,2017.0
1,0.8413821323485744,0.0,239.0,2017.0
2,0.7428129638459033,1.0,239.0,2017.0
3,0.8292497548691288,0.0,239.0,2017.0
4,0.7688187237919465,0.0,239.0,2017.0
5,0.8413821323485744,0.0,239.0,2017.0
6,0.8305319019947536,0.0,239.0,2017.0
0,0.45653648718775663,0.0,271.0,2017.0
1,0.4666115112864445,0.0,271.0,2017.0
2,0.48743318376195255,0.0,271.0,2017.0
3,0.5263612461911835,0.0,271.0,2017.0
4,0.5184429194553557,0.0,271.0,2017.0
5,0.4666115112864445,0.0,271.0,2017.0
6,0.5155630364399905,0.0,271.0,2017.0
0,0.42861752888509275,0.0,287.0,2017.0
1,0.38223140409426426,0.0,287.0,2017.0
2,0.4647569635316871,0.0,287.0,2017.0
3,0.4756826453449633,0.0,287.0,2017.0
4,0.48829533968721367,0.0,287.0,2017.0
5,0.38223140409426426,0.0,287.0,2017.0
6,0.4467725009198896,0.0,287.0,2017.0
0,-0.03540100668828337,1.0,319.0,2017.0
1,-0.03375689772778329,1.0,319.0,2017.0
2,-0.03394893847701441,1.0,319.0,2017.0
3,-0.0327009263937088,1.0,319.0,2017.0
4,-0.03238740900899393,1.0,319.0,2017.0
5,-0.03375689772778329,1.0,319.0,2017.0
6,-0.031572593932920404,1.0,319.0,2017.0
0,0.8826515924843473,0.0,34.0,2018.0
1,0.6008941770458363,0.0,34.0,2018.0
2,,0.0,34.0,2018.0
3,0.6821120375284108,0.0,34.0,2018.0
4,-0.004089048398348551,0.0,34.0,2018.0
5,0.6008941770458363,0.0,34.0,2018.0
6,0.6015011448084576,0.0,34.0,2018.0
0,0.21911186162454263,1.0,50.0,2018.0
1,0.20362212284567158,1.0,50.0,2018.0
2,0.18666757815933357,1.0,50.0,2018.0
3,0.17048805551998908,1.0,50.0,2018.0
4,0.01198132083121127,1.0,50.0,2018.0
5,0.20362212284567158,1.0,50.0,2018.0
6,0.21286502815075184,1.0,50.0,2018.0
0,0.32524960337708053,0.0,66.0,2018.0
1,0.043892360063503576,0.0,66.0,2018.0
2,0.20037202191419912,0.0,66.0,2018.0
3,0.22176223085030003,0.0,66.0,2018.0
4,-0.02931770838631151,0.0,66.0,2018.0
5,0.043892360063503576,0.0,66.0,2018.0
6,0.23492474496603766,0.0,66.0,2018.0
0,0.14733712052758466,0.0,98.0,2018.0
1,0.06582200804188842,0.0,98.0,2018.0
2,0.08296141594365246,0.0,98.0,2018.0
3,0.07113847537768343,0.0,98.0,2018.0
4,-0.02333871400097238,0.0,98.0,2018.0
5,0.06582200804188842,0.0,98.0,2018.0
6,0.10874117854790917,0.0,98.0,2018.0
0,0.39270441715371995,0.0,114.0,2018.0
1,0.39423263384903656,0.0,114.0,2018.0
2,0.383713718555478,0.0,114.0,2018.0
3,0.3804548702840643,0.0,114.0,2018.0
4,0.3433867410777822,0.0,114.0,2018.0
5,0.39423263384903656,0.0,114.0,2018.0
6,0.41164456068248334,0.0,114.0,2018.0
0,0.5189503507811097,1.0,130.0,2018.0
1,0.3984190168388243,1.0,130.0,2018.0
2,0.5576209490218553,0.0,130.0,2018.0
3,0.36112355207208646,1.0,130.0,2018.0
4,0.3972998404680268,0.0,130.0,2018.0
5,0.3984190168388243,1.0,130.0,2018.0
6,0.5140670820632118,1.0,130.0,2018.0
0,0.734365217001748,0.0,146.0,2018.0
1,0.779286555890498,0.0,146.0,2018.0
2,0.7909140563169055,0.0,146.0,2018.0
3,0.8476796228592096,0.0,146.0,2018.0
4,0.6602593820999062,0.0,146.0,2018.0
5,0.779286555890498,0.0,146.0,2018.0
6,0.8046423708236413,0.0,146.0,2018.0
0,0.10081710894141493,1.0,178.0,2018.0
1,0.8089293426411032,1.0,178.0,2018.0
2,,1.0,178.0,2018.0
3,0.6196288353263162,1.0,178.0,2018.0
4,0.7798958351538037,0.0,178.0,2018.0
5,0.8089293426411032,1.0,178.0,2018.0
6,0.5976863268308478,1.0,178.0,2018.0
0,0.41256556052277343,1.0,194.0,2018.0
1,0.19044987099036592,1.0,194.0,2018.0
2,0.3032162131542505,1.0,194.0,2018.0
3,0.2743353403349941,1.0,194.0,2018.0
4,0.27281136527156363,1.0,194.0,2018.0
5,0.19044987099036592,1.0,194.0,2018.0
6,0.2387976265513269,1.0,194.0,2018.0
0,0.37560163011421305,1.0,210.0,2018.0
1,0.14117255339742193,1.0,210.0,2018.0
2,0.09653162022748149,1.0,210.0,2018.0
3,0.1948201844981759,1.0,210.0,2018.0
4,0.05184305212140847,1.0,210.0,2018.0
5,0.14117255339742193,1.0,210.0,2018.0
6,0.13911593925327384,1.0,210.0,2018.0
0,0.05856081916593751,1.0,226.0,2018.0
1,0.04593120673536513,1.0,226.0,2018.0
2,0.05412151025127389,1.0,226.0,2018.0
3,0.05872264931574517,1.0,226.0,2018.0
4,0.04423439060323611,1.0,226.0,2018.0
5,0.04593120673536513,1.0,226.0,2018.0
6,0.04541057596167062,1.0,226.0,2018.0
0,0.7483340619700882,0.0,242.0,2018.0
1,0.8908895305846742,1.0,242.0,2018.0
2,0.7468818379768416,0.0,242.0,2018.0
3,0.5209382314784176,0.0,242.0,2018.0
4,0.7177641599584413,1.0,242.0,2018.0
5,0.8908895305846742,1.0,242.0,2018.0
6,0.8223688956469958,0.0,242.0,2018.0
0,-0.03215739328072387,1.0,258.0,2018.0
1,-0.03265445447660129,1.0,258.0,2018.0
2,-0.03382710603204055,1.0,258.0,2018.0
3,-0.031208403896390912,1.0,258.0,2018.0
4,-0.031532638342112826,1.0,258.0,2018.0
5,-0.03265445447660129,1.0,258.0,2018.0
6,-0.031344276293160514,1.0,258.0,2018.0
0,0.53691716046669,1.0,274.0,2018.0
1,0.02921747991761315,1.0,274.0,2018.0
2,0.3894978783340653,1.0,274.0,2018.0
3,0.7952043314506816,1.0,274.0,2018.0
4,0.07663805385041633,1.0,274.0,2018.0
5,0.02921747991761315,1.0,274.0,2018.0
6,,1.0,274.0,2018.0
0,0.3044938185253254,1.0,290.0,2018.0
1,0.28147277521881575,1.0,290.0,2018.0
2,0.2985817798665585,1.0,290.0,2018.0
3,0.3626706593904529,1.0,290.0,2018.0
4,0.23652525471222327,1.0,290.0,2018.0
5,0.28147277521881575,1.0,290.0,2018.0
6,0.4433681516690512,1.0,290.0,2018.0
0,0.044623568036605867,1.0,21.0,2019.0
1,-0.003798904659543601,1.0,21.0,2019.0
2,0.025916045286942215,1.0,21.0,2019.0
3,0.044783846077022196,1.0,21.0,2019.0
4,-0.021558375245656517,1.0,21.0,2019.0
5,-0.003798904659543601,1.0,21.0,2019.0
6,0.04248968398357819,1.0,21.0,2019.0
0,0.7712846938171471,0.0,37.0,2019.0
1,0.25047226571067555,0.0,37.0,2019.0
2,,0.0,37.0,2019.0
3,0.6811682083395143,0.0,37.0,2019.0
4,-0.0298702436824497,0.0,37.0,2019.0
5,0.25047226571067555,0.0,37.0,2019.0
6,0.517586106799289,0.0,37.0,2019.0
0,0.5777943334762753,0.0,53.0,2019.0
1,0.4802193930582426,0.0,53.0,2019.0
2,0.46483760487221715,0.0,53.0,2019.0
3,0.7757276848801422,1.0,53.0,2019.0
4,-0.024993748608995836,0.0,53.0,2019.0
5,0.4802193930582426,0.0,53.0,2019.0
6,0.31321061320296256,1.0,53.0,2019.0
0,0.33328210331264596,0.0,69.0,2019.0
1,-0.027534918529170428,0.0,69.0,2019.0
2,0.20486128511342286,0.0,69.0,2019.0
3,0.21605703184718528,0.0,69.0,2019.0
4,-0.04571357604886983,0.0,69.0,2019.0
5,-0.027534918529170428,0.0,69.0,2019.0
6,0.15390434391252475,0.0,69.0,2019.0
0,0.25184552944051825,1.0,101.0,2019.0
1,0.2022061771282763,1.0,101.0,2019.0
2,0.25873075459907074,1.0,101.0,2019.0
3,0.2629423917100391,1.0,101.0,2019.0
4,0.2308404610969095,1.0,101.0,2019.0
5,0.2022061771282763,1.0,101.0,2019.0
6,0.2658996997471958,1.0,101.0,2019.0
0,0.38248516818580136,1.0,117.0,2019.0
1,0.3480614598853549,0.0,117.0,2019.0
2,0.35140369606138905,1.0,117.0,2019.0
3,0.3755544704690133,0.0,117.0,2019.0
4,0.3080584577801187,1.0,117.0,2019.0
5,0.3480614598853549,0.0,117.0,2019.0
6,0.40198929501121516,0.0,117.0,2019.0
0,0.22240100362064066,1.0,133.0,2019.0
1,0.2847909452342839,1.0,133.0,2019.0
2,0.11252030817913516,1.0,133.0,2019.0
3,0.28685997948575204,1.0,133.0,2019.0
4,0.31222785886120685,1.0,133.0,2019.0
5,0.2847909452342839,1.0,133.0,2019.0
6,0.27823212030899114,1.0,133.0,2019.0
0,0.6788417863856604,1.0,149.0,2019.0
1,0.574385062964192,1.0,149.0,2019.0
2,0.6620032017729727,1.0,149.0,2019.0
3,0.6218415329531838,1.0,149.0,2019.0
4,0.4628933165287839,1.0,149.0,2019.0
5,0.574385062964192,1.0,149.0,2019.0
6,0.5784417587828915,1.0,149.0,2019.0
0,0.019248870770731622,1.0,165.0,2019.0
1,-0.0015173789720158994,1.0,165.0,2019.0
2,0.00449682337918762,1.0,165.0,2019.0
3,-0.00881818480796804,1.0,165.0,2019.0
4,-0.005855482495079589,1.0,165.0,2019.0
5,-0.0015173789720158994,1.0,165.0,2019.0
6,-0.0019858522868163773,1.0,165.0,2019.0
0,0.8571038847607112,1.0,197.0,2019.0
1,0.12845496258855427,1.0,197.0,2019.0
2,0.6889649949356088,1.0,197.0,2019.0
3,0.8373461211968171,0.0,197.0,2019.0
4,0.841837893339875,1.0,197.0,2019.0
5,0.12845496258855427,1.0,197.0,2019.0
6,0.8574501487053182,0.0,197.0,2019.0
0,0.8562178453935378,0.0,213.0,2019.0
1,0.8331438486097631,1.0,213.0,2019.0
2,0.864601091662174,0.0,213.0,2019.0
3,0.8475671888982917,0.0,213.0,2019.0
4,0.8083472805922917,1.0,213.0,2019.0
5,0.8331438486097631,1.0,213.0,2019.0
6,0.6110313607247202,1.0,213.0,2019.0
0,0.18777832560491226,1.0,229.0,2019.0
1,0.4247558957814069,1.0,229.0,2019.0
2,0.161208194917617,1.0,229.0,2019.0
3,0.7410249445931755,0.0,229.0,2019.0
4,0.09188056517929688,1.0,229.0,2019.0
5,0.4247558957814069,1.0,229.0,2019.0
6,0.8463852894825308,0.0,229.0,2019.0
0,0.8161666147684853,0.0,245.0,2019.0
1,0.7870053383043782,0.0,245.0,2019.0
2,0.8408637763693468,0.0,245.0,2019.0
3,0.8085440711897273,0.0,245.0,2019.0
4,0.7445487851502179,0.0,245.0,2019.0
5,0.7870053383043782,0.0,245.0,2019.0
6,0.8258811483826672,0.0,245.0,2019.0
0,0.46206540285810493,0.0,261.0,2019.0
1,0.4939207762571178,1.0,261.0,2019.0
2,0.5654069592155507,0.0,261.0,2019.0
3,0.5135268210483073,1.0,261.0,2019.0
4,0.5074358507260299,1.0,261.0,2019.0
5,0.4939207762571178,1.0,261.0,2019.0
6,0.5290184440739799,1.0,261.0,2019.0
0,-0.029384962040166412,1.0,293.0,2019.0
1,-0.0342171041408556,1.0,293.0,2019.0
2,-0.029169846021033667,1.0,293.0,2019.0
3,-0.026754312740084277,1.0,293.0,2019.0
4,-0.011051076933950734,1.0,293.0,2019.0
5,-0.0342171041408556,1.0,293.0,2019.0
6,-0.02418144408255728,1.0,293.0,2019.0
0,0.6163416111554818,0.0,309.0,2019.0
1,0.7573396665375621,0.0,309.0,2019.0
2,0.6476518434594432,0.0,309.0,2019.0
3,0.9452390931577803,0.0,309.0,2019.0
4,0.07635929417977912,1.0,309.0,2019.0
5,0.7573396665375621,0.0,309.0,2019.0
6,0.6358943484118476,0.0,309.0,2019.0
0,0.8427552949737415,1.0,325.0,2019.0
1,0.4544591243290273,1.0,325.0,2019.0
2,0.9886697343013947,1.0,325.0,2019.0
3,0.6484057535385043,1.0,325.0,2019.0
4,0.07168918800839545,1.0,325.0,2019.0
5,0.4544591243290273,1.0,325.0,2019.0
6,,1.0,325.0,2019.0
